Compound,Date,Negative,Neutral,Positive,Tweet Text,Tweets Ago,User
0.3612,2017-11-20 17:38:31+00:00,0.0,0.878,0.122,"""Thank you for all your love..."" David Cassidy's brother says after ""Partridge Family"" star was hospitalized due to… https://t.co/SPo5ukQTuh",1,@CBSNews
0.1511,2017-11-20 17:20:35+00:00,0.0,0.935,0.065,"Santa Claus is coming to town! But if you want to see him at this iconic location, you'll have to book an appointme… https://t.co/DtiksghGlE",2,@CBSNews
0.0,2017-11-20 17:06:38+00:00,0.0,1.0,0.0,"""We're going to have the wall. It's part of what we're doing. We need it. That's rough territory. That's where the… https://t.co/LnklMrDlW2",3,@CBSNews
0.4939,2017-11-20 17:05:40+00:00,0.0,0.849,0.151,"“So we'll be submitting plans on health care, plans on infrastructure, and plans on welfare reform…soon after taxes… https://t.co/tsj47cnSAE",4,@CBSNews
0.7906,2017-11-20 17:03:01+00:00,0.077,0.588,0.335,"""We're going to give the American people a huge tax cut for Christmas. Hopefully that will be a great big beautiful… https://t.co/3cTmltoWhr",5,@CBSNews
-0.296,2017-11-20 17:02:07+00:00,0.109,0.891,0.0,"""This designation will impose further sanctions and penalties on North Korea and related persons,"" @POTUS says of t… https://t.co/ntSNEWYvQz",6,@CBSNews
0.0,2017-11-20 17:00:27+00:00,0.0,1.0,0.0,"“One of the primary goals of our trip was to pursue the denuclearization of the Korean peninsula… Today, U.S. is de… https://t.co/makTNUT6qO",7,@CBSNews
0.0,2017-11-20 16:57:30+00:00,0.0,1.0,0.0,"WATCH: President Trump holds a cabinet meeting, declares North Korea a state sponsor of terror… https://t.co/M8BRANjztX",8,@CBSNews
0.0,2017-11-20 16:55:31+00:00,0.0,1.0,0.0,"These turkeys are living it up at this luxury D.C. hotel before traveling to the White House, where they are set to… https://t.co/vgnHIqQNvq",9,@CBSNews
0.765,2017-11-20 16:48:02+00:00,0.0,0.694,0.306,"Interested in becoming financially independent and retiring young? Learn how ""super savers"" are achieving their goa… https://t.co/0ENROdM1Dq",10,@CBSNews
-0.2263,2017-11-20 16:39:24+00:00,0.083,0.917,0.0,"“There are hispanics that have stopped me on the side and said 'you're doing what we can't do, keep moving forward.… https://t.co/hrPxW9aacb",11,@CBSNews
0.5574,2017-11-20 16:37:14+00:00,0.0,0.841,0.159,"“You haven't been with my mom for 18 years. That's my hero right there. She's everything,” Fonseca’s daughter says… https://t.co/L8nQ8rfCLW",12,@CBSNews
0.0,2017-11-20 16:35:05+00:00,0.0,1.0,0.0,"“What are we teaching our next generation of presidents to be?... If you can say ‘grab those women by the p****,’”… https://t.co/bXyZuC7IdA",13,@CBSNews
0.0,2017-11-20 16:30:28+00:00,0.0,1.0,0.0,"""He actually put us out there and more recognized than it ever has been before,"" Fonseca says of Sheriff Nehls shar… https://t.co/QoCr16xTLT",14,@CBSNews
0.2023,2017-11-20 16:26:24+00:00,0.078,0.78,0.142,"""No matter what race, religion, or belief you may have, we are all equal. Not any one of us is any better than anyo… https://t.co/yVeJnJL3y3",15,@CBSNews
0.743,2017-11-20 16:24:49+00:00,0.0,0.76,0.24,"""I feel we're all entitled to our freedom of speech. We should stand together and always stand behind what you beli… https://t.co/bMx4RvA80J",16,@CBSNews
0.2263,2017-11-20 16:23:22+00:00,0.124,0.717,0.159,WATCH LIVE: The owner of a truck with an anti-Trump sticker speaks out after getting arrested for an outstanding fr… https://t.co/4gNwBqO8bm,17,@CBSNews
0.4215,2017-11-20 16:00:38+00:00,0.158,0.577,0.265,These are the best — and worst — times to drive or fly before and after the Thanksgiving holiday. https://t.co/xiw1O5oREQ,18,@CBSNews
-0.3182,2017-11-20 15:40:02+00:00,0.095,0.905,0.0,President Trump says the NFL should suspend Marshawn Lynch for the rest of the season if he decides to sit down dur… https://t.co/P70NqZxk1z,19,@CBSNews
-0.6705,2017-11-20 15:25:01+00:00,0.191,0.809,0.0,Northern California shooter who killed five people last week may have targeted an elementary school as part of his… https://t.co/LsivXcBywm,20,@CBSNews
-0.7184,2017-11-20 15:10:39+00:00,0.28,0.72,0.0,"A second woman has come forward accusing Sen. Al Franken of sexual harassment --
the first to accuse him of harassm… https://t.co/g8iJAhh7b7",21,@CBSNews
0.34,2017-11-20 15:00:03+00:00,0.0,0.861,0.139,"At Macy's flagship store on 34th Street in New York City, a chance to sit on Santa Claus' lap is by appointment onl… https://t.co/BY13xPh4gB",22,@CBSNews
-0.296,2017-11-20 14:45:01+00:00,0.156,0.697,0.148,A summary released by the Department of Defense shows reports of sexual assault from Fort Bragg increased by 28% in… https://t.co/PniUsxdAQX,23,@CBSNews
-0.9201,2017-11-20 14:30:02+00:00,0.485,0.515,0.0,U.S. troops in Okinawa are restricted to base and banned from drinking alcohol after fatal crash invokes tension ov… https://t.co/WOYEqVCS5q,24,@CBSNews
0.1027,2017-11-20 14:15:02+00:00,0.105,0.773,0.123,Longtime President Robert Mugabe ignored a midday deadline set by the ruling party to step down or face impeachment… https://t.co/WMfOnqKk8B,25,@CBSNews
0.7579,2017-11-20 14:00:05+00:00,0.0,0.745,0.255,"Amid the debate about the future of the Affordable Care Act, some consumers are finding a silver lining: free or ne… https://t.co/IJ8H1u0Sc5",26,@CBSNews
0.34,2017-11-20 13:46:36+00:00,0.0,0.882,0.118,"The ""Thunderstorm"" -- a four-person parachute team -- gets fans excited ahead of every Denver Broncos home game. It… https://t.co/4b4JdOKhO4",27,@CBSNews
0.0,2017-11-20 13:44:48+00:00,0.0,1.0,0.0,"“If anyone has constant coughing, shortness of breath, is an ex-smoker, or who worked in an occupation with a lot o… https://t.co/wQXQIVREyl",28,@CBSNews
-0.4391,2017-11-20 13:40:01+00:00,0.171,0.754,0.075,"""Extremely dangerous"" Shane Anthony Vernon escapes custody for the second time in less than one month… https://t.co/6lltes9B9T",29,@CBSNews
0.0,2017-11-20 13:39:09+00:00,0.0,1.0,0.0,"“People don’t realize that it is highly treatable. Family doctors don’t often ask about the symptoms and signs, and… https://t.co/2FoiL9h4E6",30,@CBSNews
-0.3612,2017-11-20 13:36:55+00:00,0.171,0.717,0.112,".@CBSSunday’s Ted Koppel and his wife Grace Anne open up about COPD, the nation’s third biggest killer after heart… https://t.co/N4HSYQzuh3",31,@CBSNews
-0.3612,2017-11-20 13:36:51+00:00,0.171,0.717,0.112,".@CBSSunday’s Ted Koppel and his wife Grace Anne open up about COPD, the nation’s third biggest killer after heart… https://t.co/lfppvOYv4W",32,@CBSNews
0.0,2017-11-20 13:33:59+00:00,0.0,1.0,0.0,Here’s a look at some of this morning’s headlines from around the globe on @CBSThisMorning: https://t.co/qoVB3MSVsk,33,@CBSNews
-0.4939,2017-11-20 13:29:34+00:00,0.167,0.833,0.0,"A frightening diagnosis changed the lives of @CBSSunday’s Ted Koppel and his wife. Ahead, the two join… https://t.co/DZe5Fv8gPd",34,@CBSNews
0.5719,2017-11-20 13:26:11+00:00,0.0,0.821,0.179,Queen Elizabeth II and Prince Philip are celebrating their 70th wedding anniversary on Monday. Buckingham Palace ha… https://t.co/8WUl9kBmuL,35,@CBSNews
0.0,2017-11-20 13:21:48+00:00,0.0,1.0,0.0,COMING UP on @CBSThisMorning: A platinum milestone for Queen Elizabeth II and the prince who has been by her side f… https://t.co/LDchiKQmBP,36,@CBSNews
0.0,2017-11-20 13:20:01+00:00,0.0,1.0,0.0,"Pres. Trump isn't campaigning for Roy Moore because ultimately, he doesn't know who to believe following decades-ol… https://t.co/W97MqtKp7f",37,@CBSNews
0.0,2017-11-20 13:19:02+00:00,0.0,1.0,0.0,Many stores will open Thursday night for shoppers looking to get a jump start on Black Friday sales. Some brick and… https://t.co/YximDJZetb,38,@CBSNews
0.3182,2017-11-20 13:17:04+00:00,0.0,0.887,0.113,A pair of Thanksgiving turkeys that @POTUS will pardon are living in luxury this morning. The National Turkey Feder… https://t.co/4heLLEjtFU,39,@CBSNews
0.0,2017-11-20 13:14:16+00:00,0.0,1.0,0.0,There is a leading bidder for the Weinstein Company. Maria Contreras-Sweet is offering $250 million for Harvey Wein… https://t.co/QAUhaAtDCN,40,@CBSNews
0.2584,2017-11-20 13:12:47+00:00,0.0,0.898,0.102,Democratic Senator Al Franken’s office says he will not resign after allegations of sexual misconduct. PBS is editi… https://t.co/QljlA2UvMp,41,@CBSNews
-0.4019,2017-11-20 13:11:12+00:00,0.114,0.886,0.0,"Pres. Trump is hitting back at LaVar Ball, the father of one of the UCLA basketball players detained in China. Afte… https://t.co/aRXENJhXV9",42,@CBSNews
0.0,2017-11-20 13:06:44+00:00,0.0,1.0,0.0,South Korea's spy agency says North Korea could carry out more ballistic missile tests this year. This comes as Pre… https://t.co/cOyn2oVYYp,43,@CBSNews
-0.765,2017-11-20 13:05:57+00:00,0.28,0.72,0.0,Charles Manson died Sunday after being imprisoned for more than 45 years. In a 1986 CBS News interview @CharlieRose… https://t.co/Vkg7IGme1w,44,@CBSNews
-0.3612,2017-11-20 13:00:01+00:00,0.249,0.602,0.149,A manhunt is underway in Pennsylvania this morning for a suspected cop killer. The reward for information leading t… https://t.co/5KbyhZIESU,45,@CBSNews
0.4019,2017-11-20 12:53:57+00:00,0.0,0.876,0.124,AHEAD on @CBSThisMorning: The new tactics stores are using to get holiday shoppers in the door instead of shopping… https://t.co/cds9dUbMr0,46,@CBSNews
0.0,2017-11-20 12:52:56+00:00,0.0,1.0,0.0,Here’s a look at some of this morning’s headlines from around the globe on @CBSThisMorning: https://t.co/NlSYcxvpcW,47,@CBSNews
0.0,2017-11-20 12:49:34+00:00,0.0,1.0,0.0,"UP NEXT on @CBSThisMorning: A look at this morning's headlines, including information on a big salad recall over sh… https://t.co/jkfpxoTzWO",48,@CBSNews
0.4019,2017-11-20 12:48:33+00:00,0.0,0.863,0.137,New developments in special counsel Robert Mueller's investigation of Russian meddling in the 2016 election focus o… https://t.co/F17hkiS8YV,49,@CBSNews
0.0,2017-11-20 12:47:21+00:00,0.0,1.0,0.0,"Over its 25-year history, the iconic Georgia Dome hosted over 37 million guests and more than 1,400 events, includi… https://t.co/v1ggu93ToV",50,@CBSNews
-0.4588,2017-11-20 12:41:20+00:00,0.182,0.818,0.0,"A 12-year-old girl's family and a handful of others are suing AG Jeff Sessions and the DEA and are demanding ""canna… https://t.co/ELHBAEFDB8",51,@CBSNews
-0.4767,2017-11-20 12:40:01+00:00,0.177,0.823,0.0,Key vote on controversial plan for Keystone XL pipeline just after Keystone leaked 210K gallons of oil in South Dak… https://t.co/OzzoIghB25,52,@CBSNews
-0.1531,2017-11-20 12:37:14+00:00,0.068,0.932,0.0,12-year-old Alexis Bortell says she and her family had no choice but to move from their Texas home to Colorado to t… https://t.co/sTsPSbkuvj,53,@CBSNews
0.5106,2017-11-20 12:36:25+00:00,0.0,0.845,0.155,"#ThisMornings3Things you need to know:
1?? Cost of opioid epidemic tops $500B
2?? Individual mandate repeal?
3?? Bi… https://t.co/QvpupUPh52",54,@CBSNews
-0.5423,2017-11-20 12:34:56+00:00,0.212,0.788,0.0,WATCH: Explosives are used to destroy Atlanta’s famed Georgia Dome in mere seconds https://t.co/f6KFXR0sPA,55,@CBSNews
0.0,2017-11-20 12:32:45+00:00,0.0,1.0,0.0,"An implosion is about to happen at Atlanta’s famed Georgia Dome. 4,800 pounds of explosives will be used to bring d… https://t.co/tvQjqhu6RO",56,@CBSNews
-0.5719,2017-11-20 12:27:51+00:00,0.171,0.829,0.0,AHEAD: @CBSThisMorning will have live pictures of the Georgia Dome’s destruction and show you why the demolition is… https://t.co/CqIPSlMPh7,57,@CBSNews
0.0,2017-11-20 12:26:18+00:00,0.0,1.0,0.0,Dramatic video shows the moment a small plane crashed onto a Florida road. The plane buzzed a police vehicle before… https://t.co/LOoeUpdHMz,58,@CBSNews
0.34,2017-11-20 12:24:14+00:00,0.0,0.893,0.107,NASCAR driver Dale Earnhardt Jr. took his final lap around the track after an 18-year career. He shared an emotiona… https://t.co/CCofwpamUs,59,@CBSNews
0.0,2017-11-20 12:22:54+00:00,0.0,1.0,0.0,"In upstate New York, the first big snowstorm of the season is making the commute treacherous. A lake effect snow wa… https://t.co/nbq3opFfJO",60,@CBSNews
0.128,2017-11-20 12:21:29+00:00,0.108,0.723,0.169,"Powerful wind caused scaffolding in NYC to crash to the ground, injuring at least 6 people. Gusts reached up to 51… https://t.co/jygDl6vd3T",61,@CBSNews
0.0,2017-11-20 12:20:01+00:00,0.0,1.0,0.0,"Nearly two months after Hurricane Maria, about half of Puerto Rico is still without power and many school children… https://t.co/xJtMJd4kWJ",62,@CBSNews
-0.4215,2017-11-20 12:19:54+00:00,0.157,0.843,0.0,Music producer Russell Simmons denies allegations of sexual misconduct with a 17-year-old. Several other women have… https://t.co/fagzOYpz9b,63,@CBSNews
0.0,2017-11-20 12:18:23+00:00,0.0,1.0,0.0,Actor Jeffrey Tambor says he may not do another season of the TV drama “Transparent” due to two allegations of sexu… https://t.co/TOq8MDQSP2,64,@CBSNews
0.101,2017-11-20 12:16:12+00:00,0.115,0.752,0.132,GOP Senate candidate Roy Moore is losing more support over sexual misconduct allegations. Three of the state's larg… https://t.co/XD3NZmNWcb,65,@CBSNews
-0.0516,2017-11-20 12:15:43+00:00,0.088,0.833,0.079,"Zimbabwe's longtime president, Robert Mugabe, is defiant this morning in the face of growing calls for him to step… https://t.co/RG0sIhNxMw",66,@CBSNews
-0.0258,2017-11-20 12:14:55+00:00,0.098,0.809,0.094,The U.S. Military is helping in the search for Argentina’s lost submarine and the 44 people on board. 10 airplanes… https://t.co/HBdoE6Q6sR,67,@CBSNews
-0.6808,2017-11-20 12:12:35+00:00,0.248,0.752,0.0,"American Military members in Okinawa, Japan, are restricted to base and banned from drinking alcohol after a U.S. m… https://t.co/jg2mtjSt1C",68,@CBSNews
-0.4767,2017-11-20 12:09:49+00:00,0.154,0.846,0.0,The FBI is leading the investigation into a deadly attack on customs and border patrol agents in Texas… https://t.co/IdU7oAYmvq,69,@CBSNews
-0.765,2017-11-20 12:08:27+00:00,0.292,0.708,0.0,"Investigators say 29-year-old Rahmael Sal Holt is ""armed and dangerous."" He is accused of killing 25-year-old polic… https://t.co/TEGjrVjjzK",70,@CBSNews
-0.8885,2017-11-20 12:05:11+00:00,0.412,0.588,0.0,"Charles Manson, the mastermind of a series of notorious 1969 murders, died Sunday night at a California hospital. T… https://t.co/HNjYw2opHv",71,@CBSNews
-0.6369,2017-11-20 11:45:02+00:00,0.198,0.802,0.0,COMING UP on @CBSThisMorning: A manhunt is underway in Pennsylvania after an officer was fatally shot at a traffic… https://t.co/E38tXdOyXW,72,@CBSNews
0.4019,2017-11-20 11:33:32+00:00,0.0,0.856,0.144,"RT @CBSThisMorning: THIS MORNING: 
?@Paulareid on the latest in the Special Counsel's investigation
?@DonDahlerCBS on Pennsylvania manhunt…",73,@CBSNews
0.0,2017-11-20 11:03:04+00:00,0.0,1.0,0.0,Two earthquakes rattle Oklahoma town https://t.co/3JSP0IbPSw https://t.co/03ABoQSjia,74,@CBSNews
-0.7096,2017-11-20 10:48:04+00:00,0.371,0.629,0.0,Police: Inmate used 9-year-old girl to smuggle drugs into prison https://t.co/kJkDZMA8r8 https://t.co/4PV5YwP9WE,75,@CBSNews
0.0,2017-11-20 10:33:06+00:00,0.0,1.0,0.0,Pres. Trump tweets he should have left UCLA players in Chinese jail https://t.co/vFp5VAqDGe https://t.co/sKZe0QlTu9,76,@CBSNews
-0.5574,2017-11-20 10:18:06+00:00,0.286,0.714,0.0,Multi-Cookers: The kitchen gadget that's all the rage https://t.co/JE19tmtipB https://t.co/uK77LYwqod,77,@CBSNews
0.0,2017-11-20 10:03:06+00:00,0.0,1.0,0.0,Recipe: Snoop Dogg's Baby Back Ribs https://t.co/aqBmvQPEFd https://t.co/oAdemorIJy,78,@CBSNews
-0.296,2017-11-20 09:48:05+00:00,0.239,0.761,0.0,When food is used as a weapon https://t.co/FPCpWjRmuC https://t.co/XkSKIAQBjC,79,@CBSNews
0.0,2017-11-20 09:33:05+00:00,0.0,1.0,0.0,Whisky from the Land of the Rising Sun https://t.co/uSB7LcJTqp https://t.co/OnGlvpJveY,80,@CBSNews
0.6369,2017-11-20 09:18:08+00:00,0.0,0.741,0.259,"A visit to the Black Swan, the best restaurant in the world https://t.co/5TIoOpzY2C https://t.co/zUHNkQAyij",81,@CBSNews
0.0,2017-11-20 09:03:04+00:00,0.0,1.0,0.0,Recipe: Snoop Dogg's Baby Back Ribs https://t.co/ToPxkuika3 https://t.co/9LIRxDogEv,82,@CBSNews
-0.6486,2017-11-20 08:48:04+00:00,0.323,0.677,0.0,"Mel Tillis, country music legend, dead at 85 https://t.co/BAxr4vW85i https://t.co/P2WjZCt2zW",83,@CBSNews
0.0,2017-11-20 08:33:05+00:00,0.0,1.0,0.0,"Honda recalls 900,000 Odyssey minivans https://t.co/YHiPbelG1v https://t.co/VGnv7r1G88",84,@CBSNews
0.4939,2017-11-20 08:18:05+00:00,0.0,0.758,0.242,Undercover video shows nurses laughing as WWII vet dies https://t.co/ExZIeHG7a4 https://t.co/cr1lD3lwEp,85,@CBSNews
0.4767,2017-11-20 08:03:06+00:00,0.0,0.659,0.341,AMAs 2017 list of winners https://t.co/CcmqMbniPr https://t.co/EaHANYWclq,86,@CBSNews
-0.2732,2017-11-20 07:48:04+00:00,0.123,0.877,0.0,"Sen. Tom Cotton says ""every income group"" will ""see a tax cut"" under Senate bill https://t.co/akFl5eRyk2 https://t.co/56zgj1837U",87,@CBSNews
0.802,2017-11-20 07:33:07+00:00,0.0,0.455,0.545,"Ketchup, a sweet and sour love story https://t.co/YhrrvSPcpH https://t.co/2Mculjh4w8",88,@CBSNews
-0.5106,2017-11-20 07:18:09+00:00,0.35,0.65,0.0,Argentina unsure if signals came from lost submarine https://t.co/UhM8tMJclR https://t.co/aGpJhssewJ,89,@CBSNews
-0.2023,2017-11-20 06:55:34+00:00,0.169,0.692,0.138,"""Manson was an evil, sophisticated con man with twisted and warped moral values,"" said the district attorney who pr… https://t.co/cDmKPF5zxL",90,@CBSNews
-0.6597,2017-11-20 06:18:28+00:00,0.196,0.804,0.0,"Charles Manson, who led deranged followers known as the Manson Family into a series of horrific crimes that haunted… https://t.co/kFh9Sz1d5l",91,@CBSNews
-0.7717,2017-11-20 06:08:01+00:00,0.286,0.627,0.087,"JUST IN: Charles Manson, cult leader and convicted mass murderer, has died of natural causes at 83, according to Ca… https://t.co/uwQK1g0Kar",92,@CBSNews
0.4019,2017-11-20 06:03:08+00:00,0.0,0.748,0.252,Today's Special: How veggies impersonate other foods https://t.co/cIPFZoshCA https://t.co/yVTWxpMRJI,93,@CBSNews
-0.6705,2017-11-20 05:48:04+00:00,0.243,0.757,0.0,"Border patrol agent killed in the line of duty in Texas, officials say https://t.co/iZxC795e4L https://t.co/is55VA4PwP",94,@CBSNews
0.25,2017-11-20 05:33:05+00:00,0.0,0.778,0.222,A Houston chef that's living the dream https://t.co/ezB9AnHWSM https://t.co/LhGWyMrihd,95,@CBSNews
-0.5574,2017-11-20 05:18:07+00:00,0.286,0.714,0.0,Multi-Cookers: The kitchen gadget that's all the rage https://t.co/HHkawhKV9G https://t.co/AN5vSImCCE,96,@CBSNews
0.4449,2017-11-20 05:03:07+00:00,0.0,0.696,0.304,Robert Mugabe still Zimbabwe president despite pressure to resign https://t.co/D6ev92nWtN https://t.co/2eGFNn4sqQ,97,@CBSNews
0.6369,2017-11-20 04:48:07+00:00,0.0,0.741,0.259,"A visit to the Black Swan, the best restaurant in the world https://t.co/Tl4hLm3hN4 https://t.co/cm6a5NMQVl",98,@CBSNews
0.7269,2017-11-20 04:33:06+00:00,0.0,0.621,0.379,AMAs 2017: Highlights and winners at the American Music Awards https://t.co/SVl4lsMuSt https://t.co/YwmavLV2mO,99,@CBSNews
-0.6486,2017-11-20 04:18:10+00:00,0.323,0.677,0.0,"Mel Tillis, country music legend, dead at 85 https://t.co/3vJZGF1GQH https://t.co/xFgp2eGCIE",100,@CBSNews
0.5106,2017-11-20 17:43:47+00:00,0.0,0.798,0.202,Roy Moore Accuser: 'It Took Years to Regain Sense of Confidence in Myself' https://t.co/IMMxMWSJex,1,@FoxNews
-0.25,2017-11-20 17:38:28+00:00,0.143,0.857,0.0,.@HerschelWalker on Marshawn Lynch Sitting for Anthem: You 'Never' Protest the Anthem https://t.co/IvhN85k9dR,2,@FoxNews
0.0,2017-11-20 17:29:25+00:00,0.0,1.0,0.0,Long-forgotten time capsule discovered in Space Needle https://t.co/sx8yp3RoM6,3,@FoxNews
-0.6808,2017-11-20 17:28:24+00:00,0.295,0.705,0.0,"Trump designates North Korea as state sponsor of terrorism - via @brookefoxnews
https://t.co/wnE54ZN6HF",4,@FoxNews
-0.5267,2017-11-20 17:26:35+00:00,0.152,0.848,0.0,"RT @FoxNewsResearch: North Korea as a State Sponsor of Terror:
•1988: Designated after 1987 bombing of S Korean airliner
•2008: Bush admin…",5,@FoxNews
0.9529,2017-11-20 17:11:13+00:00,0.0,0.435,0.565,".@POTUS: ""I want to wish the American people a truly happy and blessed Thanksgiving, especially to our brave men an… https://t.co/HodKhoYlnY",6,@FoxNews
0.0,2017-11-20 17:09:02+00:00,0.0,1.0,0.0,".@POTUS: ""We'll be submitting plans on healthcare, plans on infrastructure and plans on welfare reform... soon afte… https://t.co/I1WhPkVaov",7,@FoxNews
0.3384,2017-11-20 17:07:47+00:00,0.0,0.877,0.123,".@POTUS: ""We're looking very strongly at welfare reform and that will all take place right after taxes."" https://t.co/RU9GNzL0jN",8,@FoxNews
0.5994,2017-11-20 17:05:54+00:00,0.0,0.671,0.329,".@POTUS: ""Our tax plan will bring urgent relief to hardworking families."" https://t.co/3OCK0lD7HC",9,@FoxNews
0.2023,2017-11-20 17:03:57+00:00,0.0,0.904,0.096,".@POTUS: ""The treasury department will be announcing an additional sanction and a very large one on North Korea."" https://t.co/5tKJVr0ck6",10,@FoxNews
0.4215,2017-11-20 17:02:55+00:00,0.0,0.833,0.167,".@POTUS: ""Today the United States is designating North Korea as a state sponsor of terrorists."" https://t.co/nDZIijQVvM",11,@FoxNews
0.3818,2017-11-20 16:59:45+00:00,0.0,0.885,0.115,".@POTUS: ""We've made clear to all countries that we cannot continue to be treated unfairly when it comes to trade."" https://t.co/PAJkiai3aT",12,@FoxNews
0.6369,2017-11-20 16:58:52+00:00,0.0,0.769,0.231,".@POTUS: ""We've just come up with the best job performance in over 17 years."" https://t.co/55wqf4z4pw",13,@FoxNews
0.4939,2017-11-20 16:56:49+00:00,0.0,0.686,0.314,".@POTUS: ""People are respecting our country again."" https://t.co/td6BhVvd0N",14,@FoxNews
-0.5267,2017-11-20 16:51:32+00:00,0.274,0.726,0.0,.@POTUS to Declare North Korea State Sponsor of Terror https://t.co/eI8S1qy2HB,15,@FoxNews
-0.886,2017-11-20 16:39:14+00:00,0.536,0.464,0.0,"Lois Lerner wants IRS testimony sealed, fearing death threats - via @brookefoxnews
https://t.co/7C3HjbNuQy",16,@FoxNews
-0.8957,2017-11-20 16:36:22+00:00,0.495,0.505,0.0,"Border agent killed, partner injured by illegal immigrants using rocks, report says https://t.co/zq4DPKFG1r https://t.co/XwFCVhADf9",17,@FoxNews
0.0,2017-11-20 16:32:58+00:00,0.0,1.0,0.0,"North Korea could test 'array of ballistic missiles' before end of the year, South Korea spy agency says https://t.co/0DUvCvF5K1",18,@FoxNews
-0.6597,2017-11-20 16:32:07+00:00,0.333,0.526,0.14,OPINION: Charles Manson -- America's poster child for our fascination with evil and fear https://t.co/rQD77zOH7W,19,@FoxNews
-0.296,2017-11-20 16:06:43+00:00,0.167,0.833,0.0,"Northern Ireland Priest: Stop Saying 'Christmas,' the Word Has Been 'Hijacked' https://t.co/xQfSDLAtu1",20,@FoxNews
0.0,2017-11-20 16:00:59+00:00,0.0,1.0,0.0,Race for 2020 Democratic nomination already getting started in New Hampshire (via @steinhauserNH1) https://t.co/yLQyXC30cO,21,@FoxNews
-0.7579,2017-11-20 16:00:01+00:00,0.351,0.649,0.0,"One dead, one missing after boat found spinning off California coast (via @travfed)  https://t.co/xDmSZKOFvS",22,@FoxNews
-0.3626,2017-11-20 15:44:08+00:00,0.143,0.857,0.0,".@LawrenceBJones3: ""Hillary Clinton won't get away... She seems to be a little bitter about her loss."" https://t.co/v8qHTBnOfT",23,@FoxNews
-0.296,2017-11-20 15:40:32+00:00,0.121,0.879,0.0,"JUST IN: A second woman accused @SenFranken of groping her, saying the Minnesota Democrat inappropriately touched h… https://t.co/Hpxxolri0g",24,@FoxNews
0.3612,2017-11-20 15:31:41+00:00,0.0,0.828,0.172,".@GeraldoRivera: ""[Charles Manson] had a macabre charisma about him, a lot like Adolf Hitler.""… https://t.co/JtXOCAq1H9",25,@FoxNews
0.6114,2017-11-20 15:26:16+00:00,0.0,0.818,0.182,Royal Anniversary: Queen Elizabeth II and Prince Philip celebrate 70 years of marriage! They were married on Novemb… https://t.co/b7s975DzLl,26,@FoxNews
0.5423,2017-11-20 15:07:00+00:00,0.0,0.667,0.333,".@marcthiessen: ""Clearly the Russians were playing both sides in Washington."" https://t.co/w3G8mQaOCB",27,@FoxNews
0.0,2017-11-20 14:55:21+00:00,0.0,1.0,0.0,OPINION: Michael Goodwin: Memo to the Clintons: It's over https://t.co/X3FA4GjITQ,28,@FoxNews
-0.25,2017-11-20 14:10:06+00:00,0.143,0.857,0.0,.@HerschelWalker on Marshawn Lynch Sitting for Anthem: You 'Never' Protest the Anthem https://t.co/IvhN85k9dR,29,@FoxNews
0.743,2017-11-20 13:46:35+00:00,0.0,0.613,0.387,.@marcorubio on child tax credit: “We need to reward work.” @foxandfriends https://t.co/KzKoPMTm4Q,30,@FoxNews
0.101,2017-11-20 13:41:17+00:00,0.075,0.834,0.092,.@marcorubio on @foxandfriends: One of the most important things we have to confront in tax reform is: What are we… https://t.co/wQ2z4SHnwN,31,@FoxNews
0.34,2017-11-20 13:39:10+00:00,0.086,0.766,0.149,.@marcorubio on @foxandfriends: “We have to stand by our principles of limited government and free enterprise and a… https://t.co/GJ8hJNeKxH,32,@FoxNews
0.4404,2017-11-20 13:34:07+00:00,0.0,0.861,0.139,Frank Siller on Tunnel To Towers: “We try to tell people…There is hope for you out there.” @foxandfriends https://t.co/EizVACKh8F,33,@FoxNews
-0.6124,2017-11-20 13:22:37+00:00,0.385,0.615,0.0,".@officialmoz defends Harvey Weinstein and Kevin Spacey, blames victims https://t.co/Epxsu4bw4R",34,@FoxNews
0.5423,2017-11-20 12:56:23+00:00,0.0,0.8,0.2,"At the 2017 #AMAs, first responders stood behind @iamjamiefoxx as he gave a heartfelt speech.… https://t.co/ZghdMuLOAu",35,@FoxNews
0.0,2017-11-20 12:53:00+00:00,0.0,1.0,0.0,.@dartmouth College hosts 'What's up with white people?' event https://t.co/I39g2BcBI6,36,@FoxNews
-0.4939,2017-11-20 12:52:21+00:00,0.262,0.738,0.0,.@GeorgiaDome is destroyed in a scheduled implosion on November 20. https://t.co/eUNL5GHZeE,37,@FoxNews
-0.802,2017-11-20 12:39:09+00:00,0.419,0.581,0.0,"Border agent killed, another injured during ‘attack’ near Texas southern border https://t.co/zq4DPKo4CR",38,@FoxNews
0.743,2017-11-20 12:38:24+00:00,0.0,0.656,0.344,".@HerschelWalker: ""An American hero for me is a military active serviceman or a police officer.""… https://t.co/2HNUw1C0Wp",39,@FoxNews
0.0,2017-11-20 12:35:34+00:00,0.0,1.0,0.0,WATCH: Atlanta's storied Georgia Dome razed in 15-second controlled demolition https://t.co/ylJTthHz3E,40,@FoxNews
0.0,2017-11-20 12:32:43+00:00,0.0,1.0,0.0,"Trump hits Raiders' Marshawn Lynch for standing only for Mexican anthem; suggests suspension - via @brookefoxnews
https://t.co/yHg6wGDmbk",41,@FoxNews
0.0,2017-11-20 12:31:00+00:00,0.0,1.0,0.0,Atlanta's storied Georgia Dome to be razed in 15-second controlled demolition https://t.co/hAF70Owayj https://t.co/aFTCuR5vGZ,42,@FoxNews
-0.2263,2017-11-20 12:26:21+00:00,0.087,0.913,0.0,".@KellyannePolls on anthem protests: ""We have saying in our house... take a knee for the lord and stand for the fla… https://t.co/egouNBWspr",43,@FoxNews
0.4337,2017-11-20 12:16:43+00:00,0.089,0.698,0.214,".@KellyannePolls on tax reform: ""This is not about giving the president a win, that's silly, he's the president, he… https://t.co/mwr4wOHww3",44,@FoxNews
0.2732,2017-11-20 12:11:12+00:00,0.096,0.749,0.155,".@KellyannePolls on tax reform: ""We hope petty, partisan politics will not get in the way."" https://t.co/rfC3Lf5ahX",45,@FoxNews
0.0,2017-11-20 12:03:55+00:00,0.0,1.0,0.0,Moments ago @realDonaldTrump slammed Marshawn Lynch for sitting during the US anthem before an @NFL game in Mexico… https://t.co/jZco5Ezdkp,46,@FoxNews
0.4215,2017-11-20 11:52:33+00:00,0.0,0.714,0.286,".@Varneyco: ""[@POTUS] has succeeded on the economy."" https://t.co/gzXJ2zn0mT",47,@FoxNews
-0.2732,2017-11-20 11:51:06+00:00,0.1,0.9,0.0,".@Varneyco: ""What the market wants, what the economy needs is a tax cut plan before the end of the year."" https://t.co/95Q8DAPmMx",48,@FoxNews
-0.4404,2017-11-20 11:46:22+00:00,0.592,0.408,0.0,Unemployment Rate https://t.co/iiqw2y8YQS,49,@FoxNews
0.0,2017-11-20 11:32:32+00:00,0.0,1.0,0.0,".@mschlapp on tax reform: ""We're going to get it done before we're opening presents on Christmas."" https://t.co/T22P8kJgyP",50,@FoxNews
-0.8481,2017-11-20 11:24:23+00:00,0.535,0.465,0.0,U.S. troops in Japan banned from drinking after fatal crash https://t.co/dcyI7IZ7Xf,51,@FoxNews
0.0,2017-11-20 11:21:37+00:00,0.0,1.0,0.0,"Jean Charlot, an officer with the @PANYNJ Police Department, salutes as he is introduced on stage during a ceremony… https://t.co/xSE2alA3X0",52,@FoxNews
0.0,2017-11-20 11:11:18+00:00,0.0,1.0,0.0,"A bald eagle sits perched in a tree at the Mendenhall Glacier Recreation Area in Juneau, Alaska. https://t.co/1hjcxbjdvT",53,@FoxNews
0.0,2017-11-20 11:02:18+00:00,0.0,1.0,0.0,Plans for Charles Manson's remains 'undetermined' https://t.co/9UDHhS8R7k,54,@FoxNews
-0.0943,2017-11-20 10:47:11+00:00,0.333,0.434,0.234,Accused Drunk Driver Almost Hits Officers in TX https://t.co/LAI1EYuces,55,@FoxNews
-0.3612,2017-11-20 10:35:42+00:00,0.152,0.848,0.0,"At an event commemorating the 25th anniversary of @BillClinton's 1992 campaign, @HillaryClinton criticized @POTUS.… https://t.co/G1KbCWdNJn",56,@FoxNews
-0.5719,2017-11-20 10:34:31+00:00,0.335,0.524,0.141,".@stevenmnuchin1 denies tax plans favor big biz, says Bond villain comparison a 'compliment' https://t.co/UkbIz4C2i8",57,@FoxNews
-0.5574,2017-11-20 10:33:58+00:00,0.231,0.769,0.0,Elephant Trophies Decision: Trump Will Decide Whether or Not to Lift Ban https://t.co/ufVZygeG6Q,58,@FoxNews
0.0,2017-11-20 10:26:13+00:00,0.0,1.0,0.0,Musicians unite at AMAs in wake of tumultuous year https://t.co/bYxBOEOi2I,59,@FoxNews
0.4019,2017-11-20 10:23:54+00:00,0.0,0.803,0.197,"OPINION: A health-care plan from 2,000 years ago could help America today https://t.co/B2RMCMjRLp",60,@FoxNews
0.0,2017-11-20 10:21:00+00:00,0.0,1.0,0.0,"Who owns art made by Guantanamo detainees? The artist captives? Or the US?
 https://t.co/xFhA2uDcmk",61,@FoxNews
0.0,2017-11-20 10:20:02+00:00,0.0,1.0,0.0,Massachusetts high school gives late homeless veteran a military-style farewell https://t.co/gk2qAG76bY https://t.co/xc0qqe96WY,62,@FoxNews
0.0,2017-11-20 10:16:01+00:00,0.0,1.0,0.0,"Trader Joe's recalls packaged salads over glass shards, plastic concerns https://t.co/HHVoFJ07ZL",63,@FoxNews
-0.1561,2017-11-20 10:11:24+00:00,0.129,0.774,0.097,Former #NFL player @HerschelWalker criticized NFL Commissioner Roger Goodell for not putting a stop to the National… https://t.co/UK4C7Pc72j,64,@FoxNews
-0.6486,2017-11-20 10:06:32+00:00,0.223,0.777,0.0,"Charles Manson, mastermind behind 1969 deaths of actress Sharon Tate, 6 others, dead at 83 https://t.co/U3MYDrnd0P https://t.co/5Ff280kBcm",65,@FoxNews
0.0,2017-11-20 10:00:06+00:00,0.0,1.0,0.0,President @realDonaldTrump tweets about Arizona Sen. @JeffFlake's hot mic comment about the GOP's future.… https://t.co/WQIacntMsY,66,@FoxNews
0.0,2017-11-20 09:51:35+00:00,0.0,1.0,0.0,"Musicians unite at AMAs in wake of tumultuous year
https://t.co/TXoqDgDPbV",67,@FoxNews
0.0,2017-11-20 09:42:02+00:00,0.0,1.0,0.0,"On @ffweekend, @dreverettpiper, president of @OKWUniv, spoke out against post-modern P.C. educational policies. https://t.co/WAdHu1OuCw",68,@FoxNews
0.0,2017-11-20 09:34:21+00:00,0.0,1.0,0.0,"Substitute teacher, 23, indicted for sex with two teen boy students and sending them nude pics
https://t.co/mB9a7hNdwE",69,@FoxNews
0.0,2017-11-20 09:31:01+00:00,0.0,1.0,0.0,Extremely rare fish caught by sport fishermen in Ocean City https://t.co/baZqkgNlbg,70,@FoxNews
-0.6472,2017-11-20 09:25:04+00:00,0.227,0.773,0.0,".@PeterRoskam: ""Let's shed this whole tax code. It's a loser. It is not helping us. It is holding back growth."" https://t.co/QFsSflDB0M",71,@FoxNews
0.128,2017-11-20 09:14:00+00:00,0.186,0.599,0.216,Harrison Ford becomes real-life hero at the scene of a traffic accident https://t.co/NL6g89gpve,72,@FoxNews
0.4767,2017-11-20 09:02:05+00:00,0.0,0.795,0.205,".@EricTrump: ""It's incredible the amount that's been done... I'm proud of [@POTUS]."" https://t.co/pvM04TAwUL",73,@FoxNews
0.4939,2017-11-20 08:58:01+00:00,0.0,0.814,0.186,"On @SundayFutures, @EricTrump praised @POTUS's economic record in the year since he was elected.… https://t.co/HzutiHzBzQ",74,@FoxNews
0.5267,2017-11-20 08:44:01+00:00,0.0,0.746,0.254,'Justice League' performs way below expectations at the box office https://t.co/suXOtSVYdU,75,@FoxNews
0.0,2017-11-20 08:35:06+00:00,0.0,1.0,0.0,"On @ffweekend, @Ed_Klein discussed @BillClinton &amp; @HillaryClinton's legacy in the wake of the new national discussi… https://t.co/AeHHcJnfzk",76,@FoxNews
-0.7003,2017-11-20 08:31:24+00:00,0.405,0.595,0.0,"Trump reignites feud with Flake, predicts he'll vote no on tax cuts
https://t.co/QA1Ee8nBMk",77,@FoxNews
0.4019,2017-11-20 08:30:06+00:00,0.0,0.816,0.184,".@JeffFlake: @GOP is 'toast' if it becomes party of @POTUS, @MooreSenate https://t.co/uRO6Asz9kj https://t.co/1xAgtHoCG5",78,@FoxNews
0.0,2017-11-20 08:15:05+00:00,0.0,1.0,0.0,".@HillaryClinton: ""Between tweeting and golfing how does [@POTUS] get anything done?"" https://t.co/YYsICSwhLZ",79,@FoxNews
-0.6705,2017-11-20 08:00:01+00:00,0.29,0.71,0.0,Texas woman killed after non-impaired driver taking breathalyzer test hits her https://t.co/3eTVXGVNJo,80,@FoxNews
-0.4404,2017-11-20 07:59:17+00:00,0.225,0.775,0.0,"Bannon: Gillibrand’s Clinton criticism an ‘earthquake in the Democratic Party’
https://t.co/HcslryBqLW",81,@FoxNews
-0.3612,2017-11-20 07:46:04+00:00,0.152,0.848,0.0,"At an event commemorating the 25th anniversary of @BillClinton's 1992 campaign, @HillaryClinton criticized @POTUS.… https://t.co/a7BKUHlpOo",82,@FoxNews
-0.1531,2017-11-20 07:34:36+00:00,0.118,0.882,0.0,"North Korea on 'aggressive schedule' in developing ballistic missile submarine, report says
https://t.co/PqxgnR2HrR",83,@FoxNews
-0.34,2017-11-20 07:30:06+00:00,0.335,0.412,0.253,Florida man fights eviction over 'emotional support squirrel'  https://t.co/wnVpTjhT0U @WattersWorld https://t.co/wh3J3JtI02,84,@FoxNews
0.8074,2017-11-20 07:21:02+00:00,0.0,0.601,0.399,Best Friends Are Youngest Black Republicans Ever Elected in Blue Connecticut https://t.co/5SGqMIsv8e https://t.co/d4sN0if2QJ,85,@FoxNews
-0.5574,2017-11-20 07:12:00+00:00,0.231,0.769,0.0,"Child allegedly destroys $1,300 of @Sephora makeup, uses it as 'finger paint' https://t.co/mFaDUYJmUH",86,@FoxNews
0.1027,2017-11-20 07:10:42+00:00,0.0,0.877,0.123,"Rep. Frederica Wilson says Gen. Kelly should 'apologize to nation'
https://t.co/AbOkKsukTM",87,@FoxNews
-0.2023,2017-11-20 07:00:01+00:00,0.107,0.893,0.0,".@realDonaldTrump dunks on UCLA star's controversial father, says he should have left players 'in jail' https://t.co/lCatM4ruNQ",88,@FoxNews
-0.2732,2017-11-20 06:53:36+00:00,0.171,0.711,0.118,"Charles Manson died of natural causes at 8:13 p.m. at Kern County hospital in California: authorities
https://t.co/SPzvpQMrB0",89,@FoxNews
-0.4404,2017-11-20 06:48:01+00:00,0.172,0.828,0.0,FBI releases 1971 letter that D.B. Cooper sleuth says could be from notorious hijacker https://t.co/KsWrJcLiCo,90,@FoxNews
0.5994,2017-11-20 06:30:01+00:00,0.102,0.588,0.31,OP-ED: Protests in support of undocumented immigrants are part of a proud American tradition https://t.co/ssIHtnX60g,91,@FoxNews
-0.6486,2017-11-20 06:15:44+00:00,0.235,0.765,0.0,"Charles Manson, mastermind behind 1969 deaths of actress Sharon Tate, 6 others, dead at 83
https://t.co/SPzvpQMrB0",92,@FoxNews
0.0,2017-11-20 06:14:05+00:00,0.0,1.0,0.0,"In his new hit song, country singer @NealMcCoy is taking aim at anthem kneelers. https://t.co/HAbdDQAlrD https://t.co/tOsWgpgAnn",93,@FoxNews
0.0,2017-11-20 06:00:01+00:00,0.0,1.0,0.0,President @realDonaldTrump tweets about Arizona Sen. @JeffFlake's hot mic comment about the GOP's future.… https://t.co/x68imw7FhM,94,@FoxNews
-0.1027,2017-11-20 05:54:28+00:00,0.123,0.877,0.0,"Florida church warns at every door 'we are heavily armed'

https://t.co/TdwDiPryr2",95,@FoxNews
0.3612,2017-11-20 05:40:05+00:00,0.0,0.706,0.294,Do you agree with President @realDonaldTrump? https://t.co/stLyYikg32,96,@FoxNews
0.0,2017-11-20 05:34:10+00:00,0.0,1.0,0.0,"Zimbabwe will now seek President Mugabe's impeachment
https://t.co/9N7HG1WgXT",97,@FoxNews
0.4215,2017-11-20 05:30:04+00:00,0.0,0.865,0.135,".@dreverettpiper: ""Education should be about pursuing what's true &amp; right &amp; real. It shouldn't be about peddling P.… https://t.co/6hNppxJpBO",98,@FoxNews
0.2235,2017-11-20 05:15:02+00:00,0.0,0.827,0.173,"Zimbabwe's Robert Mugabe addresses nation, does not announce resignation https://t.co/67MnK09sYU",99,@FoxNews
0.0,2017-11-20 05:02:05+00:00,0.0,1.0,0.0,".@EricTrump: ""If we're able to repatriate all that money... think what that will do."" https://t.co/b4vwhCbCkU",100,@FoxNews
0.2732,2017-11-20 17:38:26+00:00,0.0,0.896,0.104,"President Trump changed the dynamics of late-night TV. Tonight at 9 ET, @BrianStelter talks with some of late night… https://t.co/4VBcIhV8YX",1,@CNN
-0.6808,2017-11-20 17:22:09+00:00,0.223,0.777,0.0,President Donald Trump placed North Korea back on the list of state sponsors of terrorism https://t.co/Cm4WjjcBW6 https://t.co/nVF6YJD0x2,2,@CNN
0.0,2017-11-20 17:04:00+00:00,0.0,1.0,0.0,JUST IN: President Donald Trump announces he's designating North Korea as a state sponsor of terrorism… https://t.co/KmIikCEN1I,3,@CNN
0.2263,2017-11-20 16:58:48+00:00,0.0,0.917,0.083,"When Bitcoin first landed in the early part of the decade, many experts dismissed it as a fad. Today, it’s making w… https://t.co/Y6cBamJ5ct",4,@CNN
0.2263,2017-11-20 16:39:07+00:00,0.124,0.69,0.186,JUST IN: Nebraska approves path for controversial Keystone XL pipeline https://t.co/ehfF9sACJD https://t.co/8PetEggb3A,5,@CNN
0.3612,2017-11-20 16:37:01+00:00,0.0,0.884,0.116,The publicist who set up a meeting between Trump Jr. and a Russian lawyer says he's ready to talk to Mueller… https://t.co/PEGjob5utq,6,@CNN
0.0,2017-11-20 16:18:32+00:00,0.0,1.0,0.0,Here's a clock tracking President Trump's silence on Alabama Senate candidate Roy Moore https://t.co/g5Hjm7BJbC https://t.co/9aDtIsu0RD,7,@CNN
0.6369,2017-11-20 16:14:54+00:00,0.0,0.741,0.259,Do we love our guns more than our children? (via @CNNOpinion) https://t.co/YfdIeFO3sq https://t.co/sNMMtbacjd,8,@CNN
0.0258,2017-11-20 15:58:47+00:00,0.083,0.829,0.088,"Jared Kushner's lawyer says the Senate Judiciary Committee is playing ""gotcha games"" by accusing him of not disclos… https://t.co/rjgTMN2HNT",9,@CNN
-0.4767,2017-11-20 15:39:53+00:00,0.171,0.829,0.0,"Twitter suspended the Kremlin-linked troll ""Jenna Abrams"" account minutes after CNN published this article revealin… https://t.co/W3qAKQxRw8",10,@CNN
0.34,2017-11-20 15:22:08+00:00,0.103,0.733,0.164,"""If I could orchestrate the scenario, I would have Roy Moore win and then immediately resign and the Republican gov… https://t.co/1RI0gQ2RWY",11,@CNN
0.0,2017-11-20 15:06:08+00:00,0.0,1.0,0.0,President Donald Trump tweeted Sunday night that his administration will announce a decision next week on allowing… https://t.co/ikpGOCZmaY,12,@CNN
-0.296,2017-11-20 14:52:22+00:00,0.144,0.76,0.096,"Earle Hyman, a longtime stage and TV actor who played Bill Cosby's dad on ""The Cosby Show,"" has died age 91… https://t.co/171Zcg7ptZ",13,@CNN
0.0,2017-11-20 14:39:19+00:00,0.0,1.0,0.0,A woman tells CNN that Al Franken grabbed her buttocks while she was taking a photo with the sitting US senator in… https://t.co/PGBtilXWsj,14,@CNN
0.0772,2017-11-20 14:34:41+00:00,0.147,0.694,0.159,"Former Wimbledon champion Jana Novotna has died at the age of 49, the Women's Tennis Association has announced… https://t.co/rd9yWkEq8X",15,@CNN
0.0,2017-11-20 14:17:35+00:00,0.0,1.0,0.0,"New portraits of Queen Elizabeth II and her husband, the Duke of Edinburgh Prince Philip, were released Monday to c… https://t.co/ByDHMEBNmd",16,@CNN
-0.3182,2017-11-20 13:58:57+00:00,0.173,0.827,0.0,Fox News defends Sean Hannity amid calls for ad boycott https://t.co/b6De72ihRm https://t.co/Sbqs3MWwGk,17,@CNN
-0.0516,2017-11-20 13:35:24+00:00,0.186,0.641,0.173,"Here's why White House aides worry about Trump's Mar-a-Lago holiday
https://t.co/KlnhM51W5A https://t.co/SNHGIy3fl4",18,@CNN
-0.296,2017-11-20 13:12:33+00:00,0.119,0.825,0.057,Media Matters President Angelo Carusone explains why he's leading an advertising boycott against Fox News host Sean… https://t.co/vfbI6DDrid,19,@CNN
-0.4939,2017-11-20 12:52:30+00:00,0.144,0.856,0.0,"Atlanta's Georgia Dome is destroyed in a scheduled implosion with 4,300 pounds of TNT, after 25 years of hosting hi… https://t.co/chEuvtGDF3",20,@CNN
-0.8625,2017-11-20 12:46:03+00:00,0.35,0.65,0.0,"48 years after Charles Manson's followers carried out a series of brutal killings, most are still in prison… https://t.co/Bm7Xt2H0VI",21,@CNN
-0.8316,2017-11-20 12:24:07+00:00,0.354,0.571,0.075,"Charles Manson, the 1960s cult leader whose followers committed murders that shocked America, has died at the age o… https://t.co/hFKH3EAV7d",22,@CNN
0.4404,2017-11-20 12:00:33+00:00,0.0,0.873,0.127,Less than a month to go until CNN’s annual celebration of everyday people who make the world a better place. Vote f… https://t.co/SuFtoZUdpF,23,@CNN
-0.4767,2017-11-20 11:40:57+00:00,0.124,0.876,0.0,"Donald Trump hit back at the father of one of the UCLA basketball players arrested in China by tweeting ""I should h… https://t.co/58F8Vo6Cvh",24,@CNN
-0.5719,2017-11-20 11:18:59+00:00,0.281,0.719,0.0,The family of a 5-year-old boy crushed in a rotating Atlanta restaurant files a lawsuit https://t.co/Ql3vQ2RKHu https://t.co/jA5HZO135h,25,@CNN
-0.8625,2017-11-20 10:57:05+00:00,0.35,0.65,0.0,"48 years after Charles Manson's followers carried out a series of brutal killings, most are still in prison… https://t.co/gg0fv6IwwN",26,@CNN
0.5574,2017-11-20 10:50:03+00:00,0.0,0.806,0.194,"Kenya's Supreme Court rules that last month's presidential election rerun met all the constitutional requirements,… https://t.co/Bn6XrnPqtb",27,@CNN
-0.1027,2017-11-20 10:46:23+00:00,0.065,0.935,0.0,Trader Joe's has recalled some of its packaged salads over concerns they may contain pieces of glass or hard plasti… https://t.co/7jyri1ecuj,28,@CNN
0.0,2017-11-20 10:40:03+00:00,0.0,1.0,0.0,"New portraits of Queen Elizabeth II and her husband, the Duke of Edinburgh Prince Philip, were released Monday to c… https://t.co/fs461ayIG2",29,@CNN
0.0,2017-11-20 10:32:06+00:00,0.226,0.548,0.226,Afghan commandos rescue 15 people from a Taliban prison https://t.co/GhVvW30wpL https://t.co/umUoxI2n0n,30,@CNN
-0.296,2017-11-20 10:23:02+00:00,0.104,0.896,0.0,"Toshiba's stock plummeted Monday, after the company announced plans to raise $5 billion to avoid being booted off t… https://t.co/s0bl3emyBd",31,@CNN
-0.5423,2017-11-20 10:12:03+00:00,0.273,0.727,0.0,Coalition talks in Germany have collapsed leaving political uncertainty for Chancellor Angela Merkel… https://t.co/iTDRtLcaK0,32,@CNN
0.0772,2017-11-20 10:00:02+00:00,0.147,0.694,0.159,"Former Wimbledon champion Jana Novotna has died at the age of 49, the Women's Tennis Association has announced… https://t.co/s72BCUmeVM",33,@CNN
-0.0772,2017-11-20 09:51:06+00:00,0.107,0.8,0.093,An official source says Zimbabwe President Robert Mugabe has agreed to resign and will get full immunity for himsel… https://t.co/FTufsHgfKM,34,@CNN
-0.296,2017-11-20 09:40:08+00:00,0.144,0.76,0.096,"Earle Hyman, a longtime stage and TV actor who played Bill Cosby's dad on ""The Cosby Show,"" has died age 91… https://t.co/AzXUBKquDZ",35,@CNN
0.0,2017-11-20 09:31:06+00:00,0.0,1.0,0.0,"How much of the ""Wonder"" story is realistic? Two families of children with facial differences open up about how the… https://t.co/eLamnEqpJD",36,@CNN
-0.4767,2017-11-20 09:18:40+00:00,0.171,0.829,0.0,"Twitter suspended the Kremlin-linked troll ""Jenna Abrams"" account minutes after CNN published this article revealin… https://t.co/g5xb1WUIVL",37,@CNN
0.0,2017-11-20 09:00:11+00:00,0.0,1.0,0.0,President Donald Trump tweeted Sunday night that his administration will announce a decision next week on allowing… https://t.co/UZYIIetdsj,38,@CNN
-0.5719,2017-11-20 08:51:07+00:00,0.281,0.719,0.0,The family of a 5-year-old boy crushed in a rotating Atlanta restaurant files a lawsuit https://t.co/BBIj23fj8d https://t.co/w9fbAhoVY1,39,@CNN
-0.7351,2017-11-20 08:44:03+00:00,0.256,0.744,0.0,"The governor of Turkey’s capital, Ankara, has banned all public events relating to LGBT issues for fear they could… https://t.co/KhHW8MhjlX",40,@CNN
-0.25,2017-11-20 08:34:05+00:00,0.087,0.913,0.0,"Lebanese PM Saad Hariri, who recently resigned, plans to visit Cairo on Tuesday before what he says will be his eve… https://t.co/MfClmiZ1LI",41,@CNN
-0.8316,2017-11-20 08:24:09+00:00,0.354,0.571,0.075,"Charles Manson, the 1960s cult leader whose followers committed murders that shocked America, has died at the age o… https://t.co/Fj6tU3JTzV",42,@CNN
-0.7783,2017-11-20 08:15:50+00:00,0.264,0.736,0.0,"A Border Patrol agent died on Sunday morning from injuries he suffered while on patrol in southwest Texas, the US C… https://t.co/5VOL4LSKss",43,@CNN
-0.8074,2017-11-20 08:06:20+00:00,0.477,0.523,0.0,"Arab League states condemn Hezbollah as a ""terrorist organization"" https://t.co/UTypDF8LXU https://t.co/6MlJPNRSXp",44,@CNN
0.0,2017-11-20 07:57:48+00:00,0.0,1.0,0.0,"New Orleans voters elected LaToya Cantrell as mayor on Saturday, making her the first woman to hold that position i… https://t.co/ym8wjEEuMg",45,@CNN
0.0,2017-11-20 07:45:27+00:00,0.0,1.0,0.0,"New portraits of Queen Elizabeth II and her husband, the Duke of Edinburgh Prince Philip, were released Monday to c… https://t.co/P36iumIXCn",46,@CNN
0.0,2017-11-20 07:24:14+00:00,0.0,1.0,0.0,"""We have tripled the search effort, both on the surface and underwater, with 10 airplanes."" Efforts to locate an Ar… https://t.co/3uJ1vi1rdR",47,@CNN
-0.296,2017-11-20 07:12:04+00:00,0.104,0.896,0.0,"Toshiba's stock plummeted Monday, after the company announced plans to raise $5 billion to avoid being booted off t… https://t.co/ObP2MbrXwJ",48,@CNN
-0.5423,2017-11-20 07:01:04+00:00,0.273,0.727,0.0,Coalition talks in Germany have collapsed leaving political uncertainty for Chancellor Angela Merkel… https://t.co/r24AtsZFOm,49,@CNN
-0.0772,2017-11-20 07:00:06+00:00,0.107,0.8,0.093,An official source says Zimbabwe President Robert Mugabe has agreed to resign and will get full immunity for himsel… https://t.co/zOwSinR2C6,50,@CNN
0.25,2017-11-20 06:55:04+00:00,0.0,0.895,0.105,"""Come Back Barack"" sings ""Saturday Night Live"" host Chance the Rapper in a show full of musical numbers… https://t.co/iBvas5o1Yr",51,@CNN
-0.5719,2017-11-20 06:45:05+00:00,0.281,0.719,0.0,The family of a 5-year-old boy crushed in a rotating Atlanta restaurant files a lawsuit https://t.co/AE6Hmo87Vm https://t.co/nWWqSmg1nr,52,@CNN
0.0,2017-11-20 06:36:04+00:00,0.0,1.0,0.0,Tesla unveiled its new semi-truck and an all-new version of its Roadster sports car https://t.co/dA5NzVHitu https://t.co/1Y2hg3kUU6,53,@CNN
-0.4767,2017-11-20 06:29:10+00:00,0.171,0.829,0.0,"Twitter suspended the Kremlin-linked troll ""Jenna Abrams"" account minutes after CNN published this article revealin… https://t.co/FvPSxfofOE",54,@CNN
-0.8316,2017-11-20 06:10:00+00:00,0.354,0.571,0.075,"JUST IN: Charles Manson, the 1960s cult leader whose followers committed murders that shocked America has died at t… https://t.co/uscsBOkj2j",55,@CNN
-0.296,2017-11-20 05:50:57+00:00,0.144,0.76,0.096,"Earle Hyman, a longtime stage and TV actor who played Bill Cosby's dad on ""The Cosby Show,"" has died age 91… https://t.co/cEnFiuOe89",56,@CNN
0.2263,2017-11-20 05:50:25+00:00,0.0,0.917,0.083,"When Bitcoin first landed in the early part of the decade, many experts dismissed it as a fad. Today, it’s making w… https://t.co/VrbAduizyd",57,@CNN
-0.7351,2017-11-20 05:34:43+00:00,0.256,0.744,0.0,"The governor of Turkey’s capital, Ankara, has banned all public events relating to LGBT issues for fear they could… https://t.co/utEVHNYAHQ",58,@CNN
-0.5719,2017-11-20 05:14:56+00:00,0.281,0.719,0.0,The family of a 5-year-old boy crushed in a rotating Atlanta restaurant files a lawsuit https://t.co/jTZ6wY1fiH https://t.co/LPqO9et4Iw,59,@CNN
0.0,2017-11-20 05:00:04+00:00,0.226,0.548,0.226,Afghan commandos rescue 15 people from a Taliban prison https://t.co/om0sSQEtB1 https://t.co/FrckRYkwzo,60,@CNN
0.0,2017-11-20 04:51:54+00:00,0.0,1.0,0.0,"New Orleans voters elected LaToya Cantrell as mayor on Saturday, making her the first woman to hold that position i… https://t.co/xFNOXSzMBU",61,@CNN
0.4019,2017-11-20 04:43:03+00:00,0.0,0.881,0.119,Zimbabwe President Mugabe refuses to step down from the presidency - paving the way for his party to impeach him in… https://t.co/LfL7kyESCz,62,@CNN
-0.8074,2017-11-20 04:29:07+00:00,0.477,0.523,0.0,"Arab League states condemn Hezbollah as a ""terrorist organization"" https://t.co/dYnMZ1UOxo https://t.co/2Ckc7SWX4L",63,@CNN
-0.4767,2017-11-20 04:28:34+00:00,0.124,0.876,0.0,"Donald Trump hit back at the father of one of the UCLA basketball players arrested in China by tweeting ""I should h… https://t.co/CYJWPAw4Of",64,@CNN
-0.296,2017-11-20 04:12:01+00:00,0.104,0.896,0.0,Navy and Ministry officials are at odds over whether the missing Argentine submarine tried to contact naval bases o… https://t.co/5Fi39T6XEF,65,@CNN
0.4019,2017-11-20 04:00:39+00:00,0.0,0.838,0.162,There's an India for every traveler and @CNNTravel can help you find yours https://t.co/FHFZxBQSDL https://t.co/YmGT9qTgua,66,@CNN
-0.7506,2017-11-20 03:55:49+00:00,0.242,0.758,0.0,A US service member was involved in a collision that led to the death of an Okinawa man in the island's capital of… https://t.co/2sSXzWD0G4,67,@CNN
-0.7783,2017-11-20 03:37:18+00:00,0.264,0.736,0.0,"A Border Patrol agent died on Sunday morning from injuries he suffered while on patrol in southwest Texas, the US C… https://t.co/LGz3bQVlCH",68,@CNN
0.296,2017-11-20 03:27:04+00:00,0.0,0.891,0.109,Sen. Amy Klobuchar has taken over the sponsorship of a bill championed by fellow Minnesota Democratic Sen. Al Frank… https://t.co/435DkQ0PkH,69,@CNN
0.3612,2017-11-20 03:14:02+00:00,0.0,0.884,0.116,The publicist who set up a meeting between Trump Jr. and a Russian lawyer says he's ready to talk to Mueller… https://t.co/THEyCYP0uc,70,@CNN
0.0,2017-11-20 03:10:48+00:00,0.0,1.0,0.0,President Donald Trump tweeted Sunday night that his administration will announce a decision next week on allowing… https://t.co/iALDD55AFC,71,@CNN
-0.25,2017-11-20 03:00:09+00:00,0.087,0.913,0.0,"Lebanese PM Saad Hariri, who recently resigned, plans to visit Cairo on Tuesday before what he says will be his eve… https://t.co/IFF5l5OLDG",72,@CNN
-0.4767,2017-11-20 03:00:07+00:00,0.171,0.829,0.0,"Twitter suspended the Kremlin-linked troll ""Jenna Abrams"" account minutes after CNN published this article revealin… https://t.co/7O1ijDSn4t",73,@CNN
-0.6597,2017-11-20 02:46:02+00:00,0.265,0.735,0.0,Follow the latest updates on Zimbabwe President Mugabe: Will he resign or be forced out? https://t.co/p71rIk5yyH https://t.co/A4AIxWMHv8,74,@CNN
0.0258,2017-11-20 02:38:41+00:00,0.083,0.829,0.088,"Jared Kushner's lawyer says the Senate Judiciary Committee is playing ""gotcha games"" by accusing him of not disclos… https://t.co/PthSHL3j39",75,@CNN
0.0,2017-11-20 02:20:49+00:00,0.226,0.548,0.226,Afghan commandos rescue 15 people from a Taliban prison https://t.co/j9cZa8lV6f https://t.co/fYQDIA9kr3,76,@CNN
0.296,2017-11-20 02:02:33+00:00,0.086,0.779,0.135,"Sen. Al Franken has been cut from the TV broadcast of ""David Letterman: The Mark Twain Prize"" after allegations of… https://t.co/zrTGW5mMx2",77,@CNN
-0.3182,2017-11-20 01:44:28+00:00,0.173,0.827,0.0,Fox News defends Sean Hannity amid calls for ad boycott https://t.co/X0Qr6yTf4V https://t.co/Hs6rgA5fdE,78,@CNN
-0.1531,2017-11-20 01:20:39+00:00,0.091,0.909,0.0,"A missing Argentine submarine attempted to contact naval bases via satellite seven times, but communication with th… https://t.co/vPmRqRVCOX",79,@CNN
-0.5423,2017-11-20 00:56:29+00:00,0.212,0.788,0.0,"Jeffrey Tambor signals he may not return to ""Transparent"" after harassment claims https://t.co/5uSbV0gJEz https://t.co/zdGJMfDFJW",80,@CNN
-0.8074,2017-11-20 00:38:20+00:00,0.477,0.523,0.0,"Arab League states condemn Hezbollah as a ""terrorist organization"" https://t.co/cefRk3A8Vt https://t.co/NWRyoQh0B3",81,@CNN
-0.8625,2017-11-20 00:18:45+00:00,0.336,0.664,0.0,Jesse Brown battled poverty and racism to become the US Navy's first black pilot. Two of his biggest allies were wh… https://t.co/jgcGrxRGYP,82,@CNN
0.5574,2017-11-20 00:01:07+00:00,0.0,0.825,0.175,Watch @AndersonCooper show you how to vote for the CNN Hero of the Year at https://t.co/Uc45POmhyz  #CNNHeroes https://t.co/cAsmnPJy6U,83,@CNN
-0.0516,2017-11-19 23:41:34+00:00,0.186,0.641,0.173,"Here's why White House aides worry about Trump's Mar-a-Lago holiday
https://t.co/pkpWWSIAkq https://t.co/7MROOtE92d",84,@CNN
0.5994,2017-11-19 23:23:33+00:00,0.0,0.849,0.151,"The Georgia Dome, the only facility in the world to host the Olympics, Super Bowl and Final Four soon will be reduc… https://t.co/WJRDhdSjY6",85,@CNN
-0.296,2017-11-19 23:02:57+00:00,0.119,0.825,0.057,Media Matters President Angelo Carusone explains why he's leading an advertising boycott against Fox News host Sean… https://t.co/0jiACDd93V,86,@CNN
0.2732,2017-11-19 22:46:46+00:00,0.0,0.89,0.11,A new NASA tool can tell you which glacier may flood your city as the planet warms https://t.co/EHcGq7ZGor https://t.co/MrHyIrFUv7,87,@CNN
0.4019,2017-11-19 22:29:24+00:00,0.0,0.881,0.119,Zimbabwe President Mugabe refuses to step down from the presidency- paving the way for his party to impeach him in… https://t.co/el0hxUQqRv,88,@CNN
0.5627,2017-11-19 22:16:02+00:00,0.0,0.804,0.196,Star Tribune: Sen. Al Franken won't resign in the wake of a woman saying Franken forcibly kissed her and groped her… https://t.co/Jt00tFtxEy,89,@CNN
0.6369,2017-11-19 21:58:30+00:00,0.0,0.741,0.259,Do we love our guns more than our children? (via @CNNOpinion) https://t.co/vmbew5iZcH https://t.co/aKUu7AVtmn,90,@CNN
-0.4767,2017-11-19 21:50:13+00:00,0.129,0.871,0.0,"President Trump shot back at Lavar Ball, the father of one of the UCLA basketball players arrested in China, for be… https://t.co/llstwHIIHh",91,@CNN
0.0258,2017-11-19 21:44:17+00:00,0.124,0.747,0.129,You’ll have plenty of ways to make your Instagram friends jealous when you’re in Seattle. Explore the city w/… https://t.co/0vpPhuaI6E,92,@CNN
0.0,2017-11-19 21:37:50+00:00,0.0,1.0,0.0,"Cards Against Humanity, a card game company known for its attention-seeking pranks, says it bought land on the US-M… https://t.co/zVBya01Ogk",93,@CNN
-0.5719,2017-11-19 21:29:50+00:00,0.281,0.719,0.0,The family of a 5-year-old boy crushed in a rotating Atlanta restaurant files a lawsuit https://t.co/2RfsGOxS9m https://t.co/Wai5ngiCPh,94,@CNN
0.0,2017-11-19 21:21:38+00:00,0.0,1.0,0.0,The degenerative brain disease CTE has been confirmed in a living NFL player for the first time… https://t.co/378FmdoXJv,95,@CNN
0.4019,2017-11-19 21:04:54+00:00,0.0,0.876,0.124,Pope Francis wants you to do him a favor. The next time you're in Mass — put down your cell phone.… https://t.co/disMRVCeaV,96,@CNN
0.0516,2017-11-19 20:46:47+00:00,0.093,0.805,0.102,"Sen. Bernie Sanders slams GOP tax bill: “They are going to come back with massive cuts to Social Security, Medicare… https://t.co/36yBsjW3Wc",97,@CNN
-0.5106,2017-11-19 20:40:13+00:00,0.155,0.845,0.0,"Jared Kushner's attorney, Abbe Lowell, pushes back on claims Kushner failed to turn over documents calling it a ""mi… https://t.co/rPiCaeYH8J",98,@CNN
-0.6597,2017-11-19 20:37:40+00:00,0.231,0.769,0.0,"More than 16,000 scientists have signed a dire warning to humanity advising that we need to fix our environmental p… https://t.co/tWEhZhRBUN",99,@CNN
0.2584,2017-11-19 20:31:17+00:00,0.0,0.893,0.107,"Despite being given an ultimatum by Zimbabwe's military, Robert Mugabe did not resign. @McKenzieCNN explains what h… https://t.co/6py90dsQou",100,@CNN
0.0,2017-11-20 17:39:18+00:00,0.0,1.0,0.0,"RT @bbcweather: Tomorrow morning will start #mild for most, and #wet in the north - especially Scotland. Ben R https://t.co/EEmn8GP9PT",1,@BBCNews
0.2755,2017-11-20 17:30:03+00:00,0.0,0.85,0.15,RT @BBCNewsGraphics: Six charts about housing and money that millennials can't ignore https://t.co/lW6WH8rQQU,2,@BBCNews
-0.4767,2017-11-20 17:02:51+00:00,0.307,0.693,0.0,Muckamore Abbey Hospital: Four staff members suspended https://t.co/ydfoYzduc8,3,@BBCNews
-0.2023,2017-11-20 16:51:17+00:00,0.087,0.913,0.0,"RT @BBCSport: David Haye and Tony Bellew's rematch has been postponed because Haye slipped on the stairs.

Full story: https://t.co/2ldT2I3…",4,@BBCNews
0.2263,2017-11-20 16:42:23+00:00,0.154,0.659,0.187,"RT @bbclaurak: Merkel says she prefers new elections to minority govt - if delay of months, could be huge drag on Brexit progress",5,@BBCNews
-0.0516,2017-11-20 16:33:16+00:00,0.13,0.87,0.0,Brexit: Electoral Commission reopens probe into Vote Leave https://t.co/FljOZs3N0U,6,@BBCNews
0.4019,2017-11-20 16:20:23+00:00,0.0,0.748,0.252,Scottish Labour leader would support England against Scotland https://t.co/EbsEKOwu7k,7,@BBCNews
-0.4215,2017-11-20 16:12:16+00:00,0.318,0.682,0.0,Childcare website glitch leaves families struggling https://t.co/kVQf2ZRNEF,8,@BBCNews
-0.4588,2017-11-20 16:07:11+00:00,0.5,0.5,0.0,Campaigners condemn 'ludicrous' hijab questioning https://t.co/fTB6m6mCHl,9,@BBCNews
0.0772,2017-11-20 16:06:15+00:00,0.126,0.737,0.137,"RT @BBCSport: ""Her star will always shine brightly.""

Tributes have been paid to former Wimbledon champion Jana Novotna who has died at the…",10,@BBCNews
0.0,2017-11-20 16:02:52+00:00,0.0,1.0,0.0,British camera operator dies while filming BBC drama https://t.co/alargDrye2,11,@BBCNews
-0.3382,2017-11-20 15:22:41+00:00,0.374,0.626,0.0,It looks a shear drop! ? https://t.co/6NyBl4SvXW,12,@BBCNews
0.3182,2017-11-20 14:33:38+00:00,0.0,0.566,0.434,"Is this fair? ?
https://t.co/AU7XmQ5Hnt",13,@BBCNews
0.0,2017-11-20 14:21:43+00:00,0.0,1.0,0.0,"RT @BBCNewsbeat: OH HEY @ParisHilton, here's a brief history of the selfie, beginning in 1839 ??

??https://t.co/AciMPclzky https://t.co/x6…",14,@BBCNews
0.2263,2017-11-20 13:40:58+00:00,0.175,0.618,0.207,RT @BBCEngland: West Ham United supporters are being urged to not call 999 to complain after their team loses https://t.co/0iuFtxa11y https…,15,@BBCNews
-0.765,2017-11-20 13:32:30+00:00,0.355,0.645,0.0,RT @BBCNewsround: How big is the problem of bullying in online games? https://t.co/BJuuHVgDsl https://t.co/C58eMTl9CD,16,@BBCNews
0.0,2017-11-20 13:06:41+00:00,0.0,1.0,0.0,Young people 'experimenting more in bed' https://t.co/VIpnHzf4yR,17,@BBCNews
0.0,2017-11-20 13:06:40+00:00,0.0,1.0,0.0,British Airways to board passengers in cheap seats last https://t.co/mUWFcpciEt,18,@BBCNews
0.2869,2017-11-20 13:05:33+00:00,0.0,0.911,0.089,RT @BBC_HaveYourSay: #BlackFriday bargain hunting? Plan on being the first through the door? If this is the first time you are heading out…,19,@BBCNews
-0.3612,2017-11-20 12:55:24+00:00,0.102,0.898,0.0,"RT @BBCSport: The fighting talk ahead of the #Ashes just keeps on coming.

Australia talked about ""opening a few scars"" and England given t…",20,@BBCNews
-0.8176,2017-11-20 12:13:38+00:00,0.556,0.444,0.0,Endris Mohammed jailed for murdering his children https://t.co/0mHf54jorS,21,@BBCNews
-0.2732,2017-11-20 11:51:01+00:00,0.189,0.811,0.0,"Black Friday deals ‘not all they seem,’ shoppers warned https://t.co/0AQkMQ8aeO",22,@BBCNews
0.0,2017-11-20 11:13:06+00:00,0.0,1.0,0.0,"What's happening with the #Brexit divorce bill?

https://t.co/7gnhKoiPO3 

(via @BBCRealityCheck) https://t.co/vdBnjh2Ju4",23,@BBCNews
0.0258,2017-11-20 11:04:25+00:00,0.161,0.717,0.121,RT @BBCNormanS: No special deal for the City after #Brexit warns Barnier. Brexit means Brexit including in financial services.,24,@BBCNews
0.1779,2017-11-20 10:55:51+00:00,0.0,0.925,0.075,RT @BBCChrisMorris: Those who wanted #Brexit must come up with solutions for #Ireland says @MichelBarnier. We’re back to ‘the ball’s in you…,25,@BBCNews
0.5994,2017-11-20 10:55:32+00:00,0.0,0.786,0.214,"RT @BBCScotlandNews: Kezia Dugdale was not given permission to join #ImACeleb, according to the new Scottish Labour party leader https://t.…",26,@BBCNews
0.0,2017-11-20 10:55:22+00:00,0.0,1.0,0.0,"RT @BBCSport: Sussex have appointed former Australia bowler Jason Gillespie as their new head coach.

https://t.co/Pso0FYqKEY https://t.co/…",27,@BBCNews
-0.7269,2017-11-20 10:54:05+00:00,0.466,0.534,0.0,Three face no action over Gaia Pope death https://t.co/j1ZocIOQEf,28,@BBCNews
0.0,2017-11-20 10:46:14+00:00,0.0,1.0,0.0,RT @BBCSport: There were only six Premier League managerial sackings in the whole of last season! https://t.co/6OsS8YQT3L,29,@BBCNews
-0.296,2017-11-20 10:22:21+00:00,0.18,0.82,0.0,No permission for Kezia Dugdale to appear in I'm A Celebrity https://t.co/srbYscniGZ,30,@BBCNews
0.0,2017-11-20 10:22:21+00:00,0.0,1.0,0.0,Morrissey defends Kevin Spacey and Harvey Weinstein https://t.co/durcXFjPtX,31,@BBCNews
0.0,2017-11-20 10:15:20+00:00,0.0,1.0,0.0,"RT @BBCSport: Tony Pulis has been sacked by West Brom. 

Latest ? https://t.co/km7djGph9C #wba https://t.co/KHyhUcV9BE",32,@BBCNews
-0.7269,2017-11-20 10:15:03+00:00,0.243,0.757,0.0,"RT @VictoriaLIVE: So-called ""punishment attacks"" are on the rise in NI, and almost half of those targeted are under 25: https://t.co/uxd50d…",33,@BBCNews
0.0,2017-11-20 10:03:26+00:00,0.0,1.0,0.0,"RT @BBCSport: ? Not long until The Ashes begins! 

We're all over it, with live coverage of every ball on the BBC.

How to follow ? https:/…",34,@BBCNews
0.1901,2017-11-20 09:52:15+00:00,0.0,0.929,0.071,RT @bbclaurak: Cabinet minister who describes himself as ‘sensible leaver’ says ‘what we are willing to agree on Bill is one issue... but i…,35,@BBCNews
-0.4754,2017-11-20 09:00:28+00:00,0.26,0.595,0.145,"RT @BBCSport: Incredibly sad news.

Former Wimbledon champion Jana Novotna has died at the age of 49.

https://t.co/OWRmwvMgZ8 https://t.co…",36,@BBCNews
-0.8109,2017-11-20 08:58:11+00:00,0.333,0.59,0.077,"RT @VictoriaLIVE: 'I was shot as a ""punishment"" for bad behaviour'

@Gregstweet EXCLUSIVE report on rise of ""punishment attacks"" in NI http…",37,@BBCNews
-0.4871,2017-11-20 08:28:06+00:00,0.121,0.879,0.0,RT @BBCBusiness: How you feel about recycling? Is it all a complete waste of time and money? Send your comments to #BBCBizLive. See you at…,38,@BBCNews
0.0,2017-11-20 08:27:44+00:00,0.0,1.0,0.0,"British Gas to scrap standard variable tariff for new customers

https://t.co/9bJair1Fty https://t.co/QqoT6Bb227",39,@BBCNews
-0.7269,2017-11-20 08:19:37+00:00,0.276,0.724,0.0,"RT @VictoriaLIVE: Today's #VictoriaLIVE
??So-called ""punishment attacks"" on the rise
??Deadline day for Mugabe
??EU #Brexit talks https://t…",40,@BBCNews
0.25,2017-11-20 08:14:12+00:00,0.087,0.777,0.136,"PM @theresa_may to hold ""inner cabinet"" meeting in bid to make progress on stalled EU #Brexit negotiations… https://t.co/DMrjFB5WnE",41,@BBCNews
0.25,2017-11-20 08:12:26+00:00,0.0,0.818,0.182,I'm a celebrity: Dec jokes about Ant's return to TV https://t.co/E4Ii0CQ4Jl,42,@BBCNews
0.0,2017-11-20 07:58:31+00:00,0.0,1.0,0.0,"RT @BBCSport: ""A moment to move us all.""

Scotland rugby union legend Doddie Weir delivered the match ball at Murrayfield alongside his son…",43,@BBCNews
0.0,2017-11-20 07:50:54+00:00,0.0,1.0,0.0,British Gas scraps standard tariff for new customers https://t.co/LMj0TXKpSr,44,@BBCNews
0.0,2017-11-20 07:35:51+00:00,0.0,1.0,0.0,"Your morning briefing: Charles Manson dies, Mugabe set deadline to quit, Germany coalition talks collapse… https://t.co/NdjW6izz85",45,@BBCNews
0.0,2017-11-20 07:13:55+00:00,0.0,1.0,0.0,Brexit divorce bill: Theresa May to hold 'inner cabinet' talks https://t.co/9X6iMKIM9A,46,@BBCNews
-0.8689,2017-11-20 06:29:27+00:00,0.341,0.659,0.0,"RT @BBCWorld: @BBCBreaking ""The very name Manson has become a metaphor for evil, and evil has its allure."" https://t.co/n4Yc06S2IK

Convict…",47,@BBCNews
-0.7845,2017-11-20 06:01:44+00:00,0.277,0.723,0.0,RT @BBCBreaking: Notorious US cult leader Charles Manson dies aged 83 after decades in jail for a series of murders https://t.co/MDBYLJD8oE,48,@BBCNews
0.3182,2017-11-20 05:42:00+00:00,0.0,0.753,0.247,Fresh call for crackdown on gig economy https://t.co/kg9c1uDVn0,49,@BBCNews
-0.6597,2017-11-20 05:30:12+00:00,0.306,0.694,0.0,"Some cancer patients have PTSD years after diagnosis, study finds https://t.co/ET7jSFiSGY",50,@BBCNews
-0.3612,2017-11-20 03:59:38+00:00,0.106,0.894,0.0,"RT @SallyBundockBBC: Political turmoil in Germany and Zimbabwe - we'll have the latest in #BBCtheBriefing, plus what do you give to your pa…",51,@BBCNews
0.4215,2017-11-20 02:50:38+00:00,0.0,0.703,0.297,Women advised to sleep on side to help prevent stillbirth https://t.co/xTUsupBD6s,52,@BBCNews
0.3182,2017-11-20 01:26:24+00:00,0.0,0.777,0.223,Dame Katherine Grainger urges improvements in athlete welfare https://t.co/mIVCEI0vK4,53,@BBCNews
-0.7579,2017-11-20 00:51:47+00:00,0.448,0.552,0.0,Victims 'told not to report' Jehovah's Witness child abuse https://t.co/rkjMWbWc1u,54,@BBCNews
0.0,2017-11-19 22:25:07+00:00,0.0,1.0,0.0,New portraits released for Queen's platinum anniversary https://t.co/VERroEQqfO,55,@BBCNews
-0.4767,2017-11-19 19:09:22+00:00,0.279,0.721,0.0,Independent streams fake 'live' space video on Facebook https://t.co/DbGwW6ZO4J,56,@BBCNews
-0.5267,2017-11-19 18:59:21+00:00,0.412,0.405,0.182,'No signs of third party' in Gaia's death https://t.co/nI14GLrKAb,57,@BBCNews
0.0,2017-11-19 18:33:38+00:00,0.0,1.0,0.0,Ofsted inspectors to quiz schoolgirls in hijabs https://t.co/ScPkMWUxoC,58,@BBCNews
-0.5859,2017-11-19 18:01:01+00:00,0.147,0.853,0.0,RT @jondonnisonbbc: “In Emmerson Mnangagwa you are going to get a man leading #Zimbabwe who is as horrendous as Robert Mugabe if not worse.…,59,@BBCNews
0.3182,2017-11-19 17:48:40+00:00,0.0,0.892,0.108,RT @bbcweather: All change please. A different face of autumn returns this week. Get the forecast for your area here https://t.co/PI1JOi18n…,60,@BBCNews
0.0,2017-11-19 16:53:59+00:00,0.0,1.0,0.0,RT @BBCBreaking: Live updates as Zimbabwe's embattled President Mugabe prepares to make a TV address to the nation https://t.co/tn1C6USYvM,61,@BBCNews
0.0,2017-11-19 16:43:16+00:00,0.0,1.0,0.0,Exeter couple finally ditch 1950s appliances https://t.co/51803oDbgP,62,@BBCNews
-0.6705,2017-11-19 15:55:57+00:00,0.44,0.56,0.0,Anna Soubry blames threats on 'Brexit mutineers' headline https://t.co/oSOFkjBVgY,63,@BBCNews
0.0,2017-11-19 15:51:59+00:00,0.0,1.0,0.0,"RT @BBCHughPym: NHS England repeating Simon Stevens' view that he didn't get the money he asked for from the Government for this year, next…",64,@BBCNews
0.0,2017-11-19 15:51:43+00:00,0.0,1.0,0.0,RT @BenBrownBBC: Dramatic news on #Mugabe - Zimbabwe tv preparing to broadcast a big announcement from State House this evening - speculati…,65,@BBCNews
-0.743,2017-11-19 14:57:42+00:00,0.474,0.526,0.0,Police tweet open 'letter' to domestic abuse victim https://t.co/CoA2uy5vhd,66,@BBCNews
-0.6597,2017-11-19 14:57:42+00:00,0.435,0.565,0.0,Waddesdon air crash: Bodies recovered from crash site https://t.co/VZLy9CU5Lw,67,@BBCNews
0.0,2017-11-19 14:38:46+00:00,0.0,1.0,0.0,London buses to be powered by coffee https://t.co/9jFMc4fMyy,68,@BBCNews
-0.4215,2017-11-19 14:10:10+00:00,0.259,0.741,0.0,Paul Farrelly denies fracas claims amid Labour probe https://t.co/xJR0t6Aow6,69,@BBCNews
0.0,2017-11-19 13:41:44+00:00,0.0,1.0,0.0,Michelle O'Neill rules herself out as new Sinn Féin leader https://t.co/i9t2ewM6z3,70,@BBCNews
0.0772,2017-11-19 13:40:37+00:00,0.109,0.769,0.122,RT @BBCBreaking: Zimbabwe ruling party says Robert Mugabe must resign as president by midday Monday or face impeachment https://t.co/fG6mX0…,71,@BBCNews
0.5754,2017-11-19 13:04:39+00:00,0.0,0.861,0.139,RT @BBCPolitics: ?? IT'S A #BREXITCAST GERMANY SPECIAL! ?? Laura von Kuenssberg is in Berlin with Herr David Davis and Doctor Adler is in B…,72,@BBCNews
0.2732,2017-11-19 12:50:49+00:00,0.0,0.909,0.091,"RT @bbcweather: A snapshot of your #Sunday weather - lots of sunshine this morning, but cloud &amp; rain spreading into the west and northwest…",73,@BBCNews
0.0,2017-11-19 12:28:41+00:00,0.0,1.0,0.0,Bristol sailor dies in Clipper Round the World Race https://t.co/BVjxhk8bFD,74,@BBCNews
0.5423,2017-11-19 12:09:09+00:00,0.089,0.667,0.244,"RT @BBCBreaking: President Robert Mugabe's wife Grace is expelled from Zimbabwe's ruling Zanu-PF party, officials tell BBC https://t.co/vvM…",75,@BBCNews
-0.5411,2017-11-19 11:55:27+00:00,0.18,0.759,0.062,"RT @daily_politics: .@GiselaStuart takes on Remainer @campbellclaret over Brexit. ""You want a bad deal to prove you're right?!""#bbcsp https…",76,@BBCNews
0.6597,2017-11-19 11:47:48+00:00,0.0,0.759,0.241,"RT @BBCBreaking: Zimbabwe ruling party sacks Robert Mugabe as party leader, appoints former vice-president Mnangagwa in his place https://t…",77,@BBCNews
-0.4019,2017-11-19 11:47:18+00:00,0.252,0.748,0.0,"Newry: Girl, 12, dies in beach buggy crash https://t.co/y11bEQT7Jz",78,@BBCNews
-0.296,2017-11-19 11:45:35+00:00,0.115,0.885,0.0,"Philip Hammond says ""there are no unemployed people"" on #Marr Show, before insisting the government hasn't forgotte… https://t.co/zwAIO0EUE1",79,@BBCNews
0.0,2017-11-19 11:35:17+00:00,0.0,1.0,0.0,Rugby League World Cup: England 36-6 Papua New Guinea https://t.co/ggJkR2SbPG,80,@BBCNews
0.0,2017-11-19 11:23:43+00:00,0.0,1.0,0.0,"Budget 2017: Plans to build 300,000 homes a year https://t.co/84EUR55R4h",81,@BBCNews
0.2732,2017-11-19 11:19:41+00:00,0.096,0.728,0.176,RT @daily_politics: Budget is “an opportunity for Chancellor to show he’s putting aside mistakes of Treasury in the past” over Brexit @Jaco…,82,@BBCNews
-0.3818,2017-11-19 11:06:35+00:00,0.115,0.885,0.0,"RT @JPonpolitics: Here's what Dominic Grieve MP said to me this morning about some Conservative MPs becoming ""unhinged"" over Brexit: https:…",83,@BBCNews
0.7351,2017-11-19 10:37:20+00:00,0.0,0.78,0.22,"RT @bbcweather: Good morning to all at sea &amp; working offshore. Shower cloud in the North Sea &amp; a strong, NW'ly wind. Quieter conditions in…",84,@BBCNews
-0.4215,2017-11-19 10:30:35+00:00,0.259,0.741,0.0,Singer and presenter Aled Jones denies 'inappropriate' behaviour https://t.co/LGKtogLIIN,85,@BBCNews
0.0,2017-11-19 10:27:34+00:00,0.0,1.0,0.0,Gaia Pope: Sister says teenager was 'light of my life' https://t.co/K4yq5n7O0Q,86,@BBCNews
-0.5994,2017-11-19 10:19:11+00:00,0.224,0.776,0.0,RT @BBCNormanS: Hmm...what will people take from Hammond on @MarrShow ? One car crash  comment. “There are no unemployed people.”,87,@BBCNews
-0.296,2017-11-19 10:19:09+00:00,0.087,0.913,0.0,RT @BBCNormanS: Hammond rebuffs any climb down over fixed date for Brexit. “We have no plans to change what we are putting before Parliamen…,88,@BBCNews
-0.296,2017-11-19 09:56:46+00:00,0.104,0.896,0.0,"RT @MarrShow: ""We've got to be sustainably delivering 300,000 homes a year...there is no single magic bullet"" says @PhilipHammondUK #marr h…",89,@BBCNews
-0.3182,2017-11-19 09:55:47+00:00,0.126,0.874,0.0,"Government will address pressures on NHS in a ""sensible, measured  and balanced way"", Chancellor Philip Hammond say… https://t.co/NDUj0hr8QR",90,@BBCNews
-0.296,2017-11-19 09:48:13+00:00,0.158,0.842,0.0,"We've had a difficult year — but we're ""on the brink"" of making serious movement forward on #Brexit, Chancellor Phi… https://t.co/5PnmYL8PiU",91,@BBCNews
-0.4767,2017-11-19 09:42:23+00:00,0.143,0.807,0.049,"Young people fear they won't be able to reach ""even the same living standards as their parents"", shadow chancellor… https://t.co/NMMER9sFyI",92,@BBCNews
-0.0772,2017-11-19 09:41:43+00:00,0.08,0.92,0.0,RT @BBCNormanS: We are on the brink of some serious movement forward on Brexit - Hammond @MarrShow,93,@BBCNews
0.6249,2017-11-19 09:41:04+00:00,0.0,0.814,0.186,RT @BBCNormanS: The great unanswered question. What are the upfront costs of @johnmcdonnellMP  spending plans? His response -“You’re asking…,94,@BBCNews
-0.4215,2017-11-19 09:40:54+00:00,0.135,0.865,0.0,"RT @MarrShow: ""Just one little number?"" asks #marr as @johnmcdonnellMP fails to give figures for cost of nationalisation https://t.co/ZiYuc…",95,@BBCNews
0.7096,2017-11-19 09:29:13+00:00,0.148,0.539,0.313,"""Stop giving tax cuts to the corporations and the rich"" to free up money for public services, shadow chancellor Joh… https://t.co/2E8utuY36T",96,@BBCNews
0.0,2017-11-19 09:16:16+00:00,0.0,1.0,0.0,"RT @BBCWorldatOne: ""His publishers kept a fax machine long after they had gone out of fashion, largely for Seamus,"" says Heaney's official…",97,@BBCNews
-0.5106,2017-11-19 09:16:13+00:00,0.185,0.815,0.0,"RT @bbcweather: Low pressure with us during Monday, bringing us a cloudier and wetter day - more especially in the morning. Stav D https://…",98,@BBCNews
0.0,2017-11-19 08:40:46+00:00,0.0,1.0,0.0,"RT @bbcweather: Cold, milder, colder - anyone see a pattern here?  Tomasz Schafernaker has the #longrangeforecast https://t.co/J7WGojxlrr L…",99,@BBCNews
0.4019,2017-11-19 08:25:48+00:00,0.0,0.881,0.119,RT @BenBrownBBC: More history being made today in #zimbabwe - central committee of ruling Zanu-PF expected to dismiss #Mugabe as party lead…,100,@BBCNews
0.5267,2017-11-20 17:40:09+00:00,0.0,0.861,0.139,"Even if Democrats gain more seats in the 2018 election, it might not be enough to flip control of the House https://t.co/pE0c2LNrRe",1,@NYTimes
0.0,2017-11-20 17:30:16+00:00,0.0,1.0,0.0,"He was only 11 years older than Bill Cosby, his TV son, but he proved to be an authoritative father figure https://t.co/LYUSb81uV1",2,@NYTimes
0.25,2017-11-20 17:20:09+00:00,0.0,0.9,0.1,"What Al Franken’s photo and Trump’s ""Access Hollywood"" tape have in common: male entertainers using women as props https://t.co/WkugHgS7CP",3,@NYTimes
-0.5106,2017-11-20 17:10:07+00:00,0.32,0.68,0.0,Because Thanksgiving dinner can be a stressful affair https://t.co/UJhriRDQGl,4,@NYTimes
-0.6808,2017-11-20 17:01:46+00:00,0.195,0.805,0.0,Breaking News: President Trump designated North Korea as a state sponsor of terrorism. It was taken off the list in… https://t.co/8McgC0rnFn,5,@NYTimes
0.0,2017-11-20 16:55:05+00:00,0.0,1.0,0.0,How much of Charles Manson do his songs reveal? From our archives: https://t.co/qVW0OuFGLa,6,@NYTimes
0.4588,2017-11-20 16:46:19+00:00,0.188,0.551,0.261,RT @nytopinion: The intelligence of the brightest people around is no match for the rampant stupidity of capitalism https://t.co/Cidf004gnV,7,@NYTimes
0.0,2017-11-20 16:34:22+00:00,0.0,1.0,0.0,"The Keystone XL pipeline got a final major permit, but it must alter its preferred path https://t.co/hjFvECXl8O",8,@NYTimes
0.0,2017-11-20 16:20:04+00:00,0.0,1.0,0.0,"NYT statement on Glenn Thrush: “We intend to fully investigate and while we do, Glenn will be suspended”… https://t.co/RLwqnY1Ips",9,@NYTimes
0.0,2017-11-20 16:10:06+00:00,0.0,1.0,0.0,Video: Charles Manson's cult following https://t.co/nm8cKAuxc3,10,@NYTimes
-0.4939,2017-11-20 16:00:16+00:00,0.189,0.811,0.0,"In the last year alone, the remains of nearly 300 bodies have been unearthed from clandestine graves in Veracruz https://t.co/c1NVrNZx3K",11,@NYTimes
0.0,2017-11-20 15:51:58+00:00,0.0,1.0,0.0,"A second woman said Al Franken touched her inappropriately, saying he groped her during a 2010 photo op https://t.co/zAbF1qRsaz",12,@NYTimes
-0.2023,2017-11-20 15:30:27+00:00,0.167,0.833,0.0,Opinion: Why is New York full of empty stores? https://t.co/DU5j7fwSRG,13,@NYTimes
-0.34,2017-11-20 15:21:05+00:00,0.13,0.87,0.0,"Health officials are warning that the H7N9 virus, which can be lethal, is on the rise https://t.co/LU8vrVJsNd",14,@NYTimes
-0.3612,2017-11-20 15:10:02+00:00,0.135,0.865,0.0,Donald Trump added Marshawn Lynch to the list of sports figures he has criticized on Twitter https://t.co/mo9fVJxm1u,15,@NYTimes
0.0,2017-11-20 15:00:37+00:00,0.0,1.0,0.0,Morning Briefing: Here's what you need to know to start your day https://t.co/VjAFy6TPue https://t.co/GvqA4MF9n6,16,@NYTimes
-0.2263,2017-11-20 14:50:05+00:00,0.087,0.913,0.0,"Detroit's economy was among the hardest hit after the 2008 recession, but the city is in the midst of renewal… https://t.co/DnWHAmEe1l",17,@NYTimes
-0.2263,2017-11-20 14:40:07+00:00,0.087,0.913,0.0,Hundreds of protesters took to the streets in Paris after CNN aired footage of migrants being auctioned off in Libya https://t.co/bOgo7OYv2t,18,@NYTimes
0.4404,2017-11-20 14:31:05+00:00,0.0,0.775,0.225,"Opinion: We have to re-examine our toxic, privileged, encroaching masculinity https://t.co/lEMMu2cLFH",19,@NYTimes
0.1779,2017-11-20 14:20:18+00:00,0.127,0.701,0.172,Pastors in Alabama were hesitant to alienate churchgoers who support Roy Moore https://t.co/36KG64eLtd,20,@NYTimes
0.4939,2017-11-20 14:11:06+00:00,0.0,0.862,0.138,"Guns N' Roses and Marilyn Manson, whose stage name was in part inspired by Charles Manson, recorded songs he wrote https://t.co/UsxvuNoTDF",21,@NYTimes
0.5423,2017-11-20 14:00:32+00:00,0.085,0.638,0.277,"An Ohio lawmaker who backed family values resigned after officials said he engaged in ""inappropriate behavior"" at h… https://t.co/Bdsjew9xf8",22,@NYTimes
-0.7845,2017-11-20 13:44:05+00:00,0.331,0.669,0.0,We're tracking the men who have been accused of sexual misconduct since the Weinstein scandal broke. Our list: https://t.co/65kBch5ZEg,23,@NYTimes
0.0,2017-11-20 13:30:30+00:00,0.0,1.0,0.0,Nebraska regulators are expected to rule on the Keystone XL pipeline https://t.co/OMH8kHsNP2,24,@NYTimes
0.0,2017-11-20 13:15:12+00:00,0.0,1.0,0.0,"The Manson family has occupied a dark, persistent place in American culture https://t.co/esqC1aYFD8",25,@NYTimes
0.0,2017-11-20 13:00:38+00:00,0.0,1.0,0.0,Morning Briefing: Here's what you need to know to start your day https://t.co/uy2VePAl5m https://t.co/pGwmOzAH9c,26,@NYTimes
0.0,2017-11-20 12:45:07+00:00,0.0,1.0,0.0,"""For so long, in this area, if you were a Democrat in a social setting, you just kept your mouth shut"" https://t.co/vFxoOLyrpv",27,@NYTimes
-0.4588,2017-11-20 12:30:16+00:00,0.158,0.842,0.0,President Trump doubled down on his claim that LaVar Ball was ungrateful for his son’s release https://t.co/rosPQ7GntD,28,@NYTimes
0.0772,2017-11-20 12:21:02+00:00,0.086,0.818,0.097,"At an event in Little Rock, it was clear that Bill and Hillary Clinton have not gotten over her loss to President T… https://t.co/eTkVgGQGsA",29,@NYTimes
0.0,2017-11-20 12:10:05+00:00,0.0,1.0,0.0,Republican lawyers and lawmakers are working together to install conservative judges at a rate not seen in decades https://t.co/N3yYP2QoZN,30,@NYTimes
-0.836,2017-11-20 12:00:09+00:00,0.372,0.628,0.0,A Border Patrol agent was killed and his partner seriously injured in Texas while they were on patrol https://t.co/CEQbvfsxgx,31,@NYTimes
0.0,2017-11-20 11:50:10+00:00,0.0,1.0,0.0,Most of Manson's followers were young women who had fled middle-class homes. Here's a look at where they are now. https://t.co/Y2HJ2xWVZm,32,@NYTimes
-0.5574,2017-11-20 11:40:05+00:00,0.247,0.753,0.0,"Jana Novotna, the Czech tennis star, has died. She was 49. https://t.co/zt6Y5ooyqh",33,@NYTimes
0.0,2017-11-20 11:30:15+00:00,0.0,1.0,0.0,Morning Briefing: Here's what you need to know to start your day https://t.co/OkMeGgGG7v https://t.co/jDZjsTFHo6,34,@NYTimes
0.0,2017-11-20 11:15:10+00:00,0.0,1.0,0.0,"Jeffrey Tambor, the star of ""Transparent,"" will not return for the show's fifth season sexual misconduct allegations https://t.co/liQb4Z3hxZ",35,@NYTimes
-0.9076,2017-11-20 11:00:12+00:00,0.431,0.569,0.0,"Charles Manson, one of the most notorious murderers of the 20th century, has died. He was 83. https://t.co/UJ4tYN3a1s",36,@NYTimes
0.4215,2017-11-20 10:43:01+00:00,0.0,0.882,0.118,RT @nytimesworld: It took six years to find the melted fuel from Fukushima’s reactors. Japan hopes this will be a turning point. https://t.…,37,@NYTimes
-0.3818,2017-11-20 10:31:06+00:00,0.148,0.852,0.0,Cold and flu season is here. Here's what you need for when viruses come knocking. https://t.co/xRdsTgAoxs,38,@NYTimes
-0.5423,2017-11-20 10:15:03+00:00,0.189,0.811,0.0,"RT @nytimesworld: In France, as women speak out against sexual harassment, “what’s happening is a revolt” https://t.co/ZtjAEsw19v",39,@NYTimes
-0.7906,2017-11-20 09:59:04+00:00,0.318,0.682,0.0,A Japanese driver was killed in a collision with a military truck driven by a U.S. Marine stationed in Okinawa https://t.co/OpIFOjLDPQ,40,@NYTimes
-0.6369,2017-11-20 09:46:04+00:00,0.215,0.785,0.0,Robert Mugabe gave no sign that he recognized how severely the ground had shifted under him in such a short time https://t.co/AFEW86yIx0,41,@NYTimes
-0.2732,2017-11-20 09:30:11+00:00,0.16,0.84,0.0,Angela Merkel's attempt to form a new German government collapsed on Sunday https://t.co/Rp8IQhTurW,42,@NYTimes
0.5574,2017-11-20 09:13:14+00:00,0.0,0.841,0.159,"RT @itsjina: Raila Odinga left Kenya on the eve of today's Supreme Court ruling. He is now in Zanzibar.
https://t.co/D1ktZcSG8Q",43,@NYTimes
-0.2263,2017-11-20 09:01:05+00:00,0.087,0.913,0.0,Hundreds of protesters took to the streets in Paris after CNN aired footage of migrants being auctioned off in Libya https://t.co/X81bJ1L1DS,44,@NYTimes
-0.1226,2017-11-20 08:44:01+00:00,0.096,0.904,0.0,"""Australia is probably a place that has a more potent strain of toxic masculinity than America"" https://t.co/uulohnnQeD",45,@NYTimes
0.0,2017-11-20 08:22:59+00:00,0.0,1.0,0.0,"“I say hello to hundreds of people a day."" She's been a crossing guard at the same Harlem corner for 40 years. https://t.co/ZDNerLXm24",46,@NYTimes
0.0,2017-11-20 08:05:16+00:00,0.0,1.0,0.0,It’s Almost Thanksgiving! Let Us Be Your Guide https://t.co/aRJxsMBd7D,47,@NYTimes
0.7184,2017-11-20 07:50:09+00:00,0.0,0.625,0.375,"This chicken and lemon dish is, at once, lively and elegant https://t.co/wVQtNa7K0w",48,@NYTimes
0.0,2017-11-20 07:32:50+00:00,0.0,1.0,0.0,"Visit Mrs. Patmore's kitchen or Lady Mary's bedroom (scene of a scandal!) at this ""Downton Abbey"" exhibit https://t.co/ZymNKgwhfb",49,@NYTimes
-0.2263,2017-11-20 07:16:39+00:00,0.388,0.612,0.0,Will cash disappear? https://t.co/wh8vziR778,50,@NYTimes
0.2593,2017-11-20 06:59:04+00:00,0.185,0.587,0.228,"""My English friends never really got it, and that was fine. 'No presents? No religion? Just … supper?' "" https://t.co/sna1PdEWV3",51,@NYTimes
0.0,2017-11-20 06:40:29+00:00,0.0,1.0,0.0,What Became of the Manson Family? https://t.co/thcDG0QOr5,52,@NYTimes
-0.3818,2017-11-20 06:39:45+00:00,0.148,0.852,0.0,Cold and flu season is here. Here's what you need for when viruses come knocking. https://t.co/JilGIMUK2q,53,@NYTimes
0.0,2017-11-20 06:24:38+00:00,0.0,1.0,0.0,Manson Mythology and Pop Culture https://t.co/EW2zmtlAAh,54,@NYTimes
-0.6369,2017-11-20 06:09:26+00:00,0.296,0.704,0.0,Charles Manson Dies at 83; Wild-Eyed Leader of a Murderous Crew https://t.co/riMKCJdikC,55,@NYTimes
-0.9076,2017-11-20 06:08:14+00:00,0.487,0.513,0.0,"Breaking News: Charles Manson, one of the 20th century’s most notorious killers, has died.
https://t.co/rgq1I6E77H",56,@NYTimes
0.0,2017-11-20 05:56:19+00:00,0.0,1.0,0.0,Gardening in November? https://t.co/Zaaw0PuMRA,57,@NYTimes
-0.6908,2017-11-20 05:39:57+00:00,0.251,0.749,0.0,Opinion: Conservatives were right about Bill Clinton; once he failed to resign he really deserved to be impeached https://t.co/ZloP0fFUS5,58,@NYTimes
0.0,2017-11-20 05:23:16+00:00,0.0,1.0,0.0,Malcolm Young used his rhythm guitar to make AC/DC swing as much as it stomped. Hear 10 essential songs. https://t.co/kQ6WSuWbGo,59,@NYTimes
0.5719,2017-11-20 05:07:10+00:00,0.0,0.684,0.316,Ex-Leader Wins First Round of Chile’s Presidential Vote https://t.co/TqGEHv1Ezu,60,@NYTimes
0.1901,2017-11-20 05:03:48+00:00,0.0,0.907,0.093,"""You see those puddles of water,"" he said. ""It was just like that, but full of blood."" https://t.co/8HOmGDaMOx",61,@NYTimes
0.0,2017-11-20 04:46:58+00:00,0.0,1.0,0.0,"The more education that Democrats and Republicans have, the more their beliefs in climate change diverge https://t.co/z58h9Eu01h",62,@NYTimes
-0.6597,2017-11-20 04:29:42+00:00,0.216,0.784,0.0,An NYT investigation found U.S.-led airstrikes against ISIS are killing far more civilians than previously believed https://t.co/dDz9AWvS6t,63,@NYTimes
-0.5423,2017-11-20 04:11:36+00:00,0.28,0.72,0.0,‘Revolt’ in France Against Sexual Harassment Hits Cultural Resistance https://t.co/fLobxWdHlB,64,@NYTimes
-0.4767,2017-11-20 04:08:09+00:00,0.171,0.829,0.0,The broken glass left behind in Las Vegas tells its own story about that shooting https://t.co/CGUjcVpTBv,65,@NYTimes
0.7783,2017-11-20 03:50:42+00:00,0.0,0.657,0.343,"Patriots 33, Raiders 8: Patriots Get Hearty Welcome, and Win Over Raiders, in Mexico https://t.co/ZuJGkaGlt5",66,@NYTimes
0.5859,2017-11-20 03:46:26+00:00,0.107,0.655,0.238,"From @NYTStyles: ""The era in which men can shame women for their perfectly healthy vaginas is now coming to an end"" https://t.co/p7kO8B8DTS",67,@NYTimes
0.5106,2017-11-20 03:28:48+00:00,0.0,0.708,0.292,35 impressive dishes to bring to a Thanksgiving potluck https://t.co/ykGpKcLlhJ,68,@NYTimes
0.6369,2017-11-20 03:12:25+00:00,0.0,0.704,0.296,"Review: In This ‘Pride and Prejudice,’ Love Is a Zero-Sum Game https://t.co/Ez1gQUiI46",69,@NYTimes
0.0,2017-11-20 03:05:41+00:00,0.0,1.0,0.0,"Americans are drinking much more water and much less soda, a new study finds https://t.co/HHpFuUPEN8",70,@NYTimes
-0.8225,2017-11-20 02:48:11+00:00,0.409,0.591,0.0,Border Patrol Agent Killed in Texas in What a Senator Calls an Attack https://t.co/I7Y5zGfeHt,71,@NYTimes
-0.1698,2017-11-20 02:35:24+00:00,0.243,0.495,0.261,"Celebrating a 25-Year-Old Clinton Win, but Still Stung by a More Recent Defeat https://t.co/UT5aQYdv26",72,@NYTimes
0.8074,2017-11-20 02:26:35+00:00,0.0,0.673,0.327,"“My children respect and love her so much, and I do too. Why am I making that invisible?” https://t.co/Hjum4t1k5v",73,@NYTimes
0.4767,2017-11-20 02:08:02+00:00,0.0,0.846,0.154,An Earth-sized planet about 11 light-years from Earth could hold liquid water and conditions favorable for life https://t.co/uLb6JDWsIQ,74,@NYTimes
0.0,2017-11-20 01:49:54+00:00,0.0,1.0,0.0,Does your iPhone feel slower after Apple released new iPhones? Here's how to speed things back up. https://t.co/Y4a5Zta859,75,@NYTimes
0.128,2017-11-20 01:30:48+00:00,0.163,0.567,0.27,Ohio Lawmaker Who Backed Family Values Resigns Over ‘Inappropriate Behavior’ https://t.co/26LuGshL3f,76,@NYTimes
0.1779,2017-11-20 01:26:32+00:00,0.0,0.866,0.134,"8 new things to watch now on Netflix, HBO and Amazon Prime https://t.co/Ts8Lcwanlm",77,@NYTimes
0.1531,2017-11-20 01:08:48+00:00,0.169,0.615,0.215,Argentine Navy Pares Back Hopes of Finding Missing Submarine https://t.co/Y9D0DwOSPU,78,@NYTimes
0.0,2017-11-20 01:00:11+00:00,0.0,1.0,0.0,"After a few weeks of humdrum matchups, the NFL is back in full force https://t.co/SMOIIYyCf9",79,@NYTimes
-0.296,2017-11-20 00:40:19+00:00,0.18,0.82,0.0,Op-Ed Contributor: Why Do So Many Indian Children Go Missing? https://t.co/T08JOiSE5Z,80,@NYTimes
0.0,2017-11-20 00:34:04+00:00,0.0,1.0,0.0,Op-Ed Columnist: America Is Now an Outlier on Driving Deaths https://t.co/I1lHaITQgC,81,@NYTimes
0.5574,2017-11-20 00:14:50+00:00,0.0,0.795,0.205,"Review: ‘A Fantastic Woman’ Lives Up to Its Title, in More Ways Than One https://t.co/kaUa7pmPzj",82,@NYTimes
0.4019,2017-11-20 00:00:30+00:00,0.0,0.778,0.222,"“It’s consistent with other work we’ve done showing people want and value health insurance"" https://t.co/vowraKaxkP",83,@NYTimes
0.0,2017-11-19 23:57:03+00:00,0.0,1.0,0.0,Our coziest soup recipes https://t.co/JtFUv5a71o,84,@NYTimes
-0.4767,2017-11-19 23:56:59+00:00,0.362,0.638,0.0,Will Cutting the Health Mandate Pay for Tax Cuts? Not Necessarily https://t.co/H1oQzJVVnU,85,@NYTimes
0.3612,2017-11-19 23:28:56+00:00,0.0,0.8,0.2,"Like your Thanksgiving turkey crisp, golden and tender? Try this: https://t.co/JvPwwR3biy",86,@NYTimes
0.0,2017-11-19 23:10:58+00:00,0.0,1.0,0.0,Editorial: Mr. Mugabe Won’t Say What Zimbabwe Longs to Hear: I Quit https://t.co/I6tmaAEE0s,87,@NYTimes
0.0,2017-11-19 23:02:11+00:00,0.0,1.0,0.0,"Watch: After years of checking in with immigration officers, a man is told he will be deported… https://t.co/F8Mpz3yu6Q",88,@NYTimes
-0.4939,2017-11-19 22:45:02+00:00,0.198,0.802,0.0,“Justice League” collected a disappointing $96 million at North American theaters over the weekend https://t.co/Ed5L0BsZYd,89,@NYTimes
-0.5267,2017-11-19 22:30:10+00:00,0.256,0.63,0.113,Some French women feel so aggrieved that they started a petition to treat sexual harassment as a national emergency https://t.co/D17XUomZs2,90,@NYTimes
0.0,2017-11-19 22:15:37+00:00,0.0,1.0,0.0,Watch: A father entered the country illegally to be with his family. Now he’s facing deportation.… https://t.co/g7tHwtZjOE,91,@NYTimes
0.0,2017-11-19 22:00:20+00:00,0.0,1.0,0.0,Pancho Segura surmounted an impoverished childhood in Ecuador to become one of the world’s leading tennis players https://t.co/ojqhGLeeDa,92,@NYTimes
0.0,2017-11-19 21:45:03+00:00,0.0,1.0,0.0,"Harper Ediger, 14, will give monthly advice in The New York Times for Kids https://t.co/QaccK8cEYC",93,@NYTimes
-0.6249,2017-11-19 21:30:19+00:00,0.186,0.814,0.0,New York’s subway now has the worst on-time performance of any major rapid transit system in the world https://t.co/GyU3QzuH3Y,94,@NYTimes
-0.3612,2017-11-19 21:21:21+00:00,0.171,0.737,0.092,"Edward Blum isn't a lawyer, but he's a one-man legal factory fighting racial-preference policies across the U.S. https://t.co/6wPCdDN8cE",95,@NYTimes
0.7783,2017-11-19 21:15:05+00:00,0.0,0.673,0.327,"“My hope for the beautiful nation"": What Zimbabweans have to say about life under Mugabe https://t.co/J8iw8RiyiW",96,@NYTimes
0.0,2017-11-19 21:00:13+00:00,0.0,1.0,0.0,"After years of checking in with immigration officers, a man is told he will be deported as his daughter prepares to… https://t.co/U3PGW27hgD",97,@NYTimes
0.2023,2017-11-19 20:45:04+00:00,0.0,0.816,0.184,The top story lines for NFL Week 11 https://t.co/3U99mATtXj,98,@NYTimes
-0.6124,2017-11-19 20:30:16+00:00,0.3,0.7,0.0,Robert Mugabe stunned Zimbabwe with a speech in which he refused to say whether he would resign https://t.co/d28OpofxlP,99,@NYTimes
0.7351,2017-11-19 20:23:04+00:00,0.0,0.592,0.408,"An excellent dark comedy returns and a new, super-geeky one debuts https://t.co/o04mYSrhy8",100,@NYTimes
